NYMT,6.19
LEJU,3.23
PUK,42.26
QGEN,29.06
BNCL,16.45
NXJ,13.31
ACXM,27.77
TLYS,9.29
ELY,11.06
UDBI,28.76
FDEU,17.25
NH,5.09
DMB,12.67
TMHC,21.44
IVTY,8.05
EGAN,1.45
TCBIW,64.03
RAVE,2.23
TSLX,20.26
NXTM,26.56
EFSC,42.75
ALXN,122.08
ATH,49.76
JPS,9.50
SAH,20.25
KSS,40.43
RGC,22.67
GDV,20.94
VDTH,11.49
LB,47.51
UA,18.37
SNY,44.85
AGNCP,25.75
MJN,89.00
ASND,27.10
ZX,1.60
CAG,40.28
PSCF,51.24
HE,33.46
SNDE,9.80
SBAC,118.92
VSI,20.10
HR,32.32
CBS,69.34
COR,88.78
PKW,52.12
AAT,41.57
CSBK,16.25
AEO,14.33
NGHCZ,25.07
AUMN,0.63
FMO,15.51
SMBC,35.08
RTRX,18.04
MWA,11.80
SPU,6.10
UCTT,16.18
FII,26.30
UZC,26.65
ARES,18.75
ROIA,3.11
MDLZ,43.28
KFS,5.85
TEVA,32.71
DFFN,3.60
PRFT,17.21
WLH,20.82
JAGX,0.95
CCS,25.25
FVC,22.45
ALLT,4.78
THO,96.79
LMOS,17.66
PSTG,9.73
RES,17.76
DEL,76.50
MIY,13.60
ESGU,51.71
OCFC,28.55
CATB,1.59
CCZ,50.07
GTXI,4.91
LUX,55.07
ELSE,4.07
HVT,23.50
COP,50.00
DRE,25.96
COTV,40.91
GYB,22.10
ZN,1.22
TCAP,19.10
OA,99.31
RLJE,2.44
IAE,10.07
RNP,19.19
SIVB,188.25
NYRT,9.59
VNET,5.61
SWC,17.32
LEN,51.30
ICUI,152.65
CCU,25.43
PAC,97.92
WWE,22.47
SIMO,46.35
POOL,118.91
FFA,14.33
RNET,21.20
PTCT,9.32
FTRI,11.34
TSNU,67.33
FCAN,23.62
BAM,36.65
BR,67.90
MUX,3.00
BHB,32.18
HTLD,20.00
NMT,13.73
FISI,32.85
CNSL,24.12
TREE,125.75
FBIZ,25.95
LMHA,26.13
BEN,42.22
CYRX,2.39
ARAY,4.70
NYMTO,23.86
SHPG,177.34
CYBR,51.33
TDG,220.03
OFLX,47.36
SYMX,0.84
LMBS,52.07
MGCD,8.39
GFED,19.95
CNCE,16.37
APB,12.16
ABC,89.14
CVG,21.01
GTYH,9.92
VIDI,24.12
OMAM,15.09
KMPA,26.53
TVTY,28.60
GPRO,8.66
JAKK,5.60
TAC,5.85
EHTH,11.63
NDAQ,69.39
GT,35.79
DCM,23.50
CGNX,83.92
APAM,27.50
FSBK,12.19
MLP,11.60
ABIL,2.08
IBM,173.86
ACHN,4.28
BIT,17.34
PEBO,31.84
ABBV,65.46
AM,32.98
TFSL,16.71
GG,14.66
SLGN,59.32
ORLY,272.41
CPHC,10.55
FENG,3.48
CACB,7.83
HPE,23.62
NTCT,38.15
SYNT,16.80
ISCA,37.00
SQM,34.27
HYND,21.01
PHG,32.06
PRTS,3.34
FUND,7.36
CEMP,3.85
SREV,3.79
NNN,43.59
GORO,4.39
BFZ,14.25
ERH,12.74
MVT,15.32
ABTX,36.90
RDUS,38.84
MPAA,30.31
HHC,115.96
HCLP,16.90
ELMD,4.95
AAMC,75.00
FF,14.22
KYE,12.50
VEDL,17.03
IEUS,47.45
NEOS,7.30
AON,118.48
BH,423.36
BLVD,10.02
RUSHA,32.56
PIY,25.35
RFTA,25.10
SNCR,24.67
NHI,72.01
ABCB,46.40
MGIC,7.85
BPT,19.70
IPHI,48.86
M,29.46
CODI,16.40
GLADO,25.50
MICTW,0.15
LAQ,23.60
ESP,23.74
BDE,5.50
WTFCM,27.21
EMAN,2.35
PERI,1.78
ALIM,1.43
CTIC,4.20
EVRI,4.75
VIV,14.89
SGYP,4.66
CAW,3.20
INFI,3.34
SNGX,2.80
JMPC,25.30
AMX,14.45
GBCI,34.22
SIEN,8.24
RGEN,35.07
NXEOU,9.05
HQH,24.01
FN,42.96
KED,19.25
HDB,74.36
PHIIK,12.22
PKBK,21.35
SGBK,47.27
ES,58.62
PATI,22.50
MTRN,32.65
FFHL,3.29
RYI,12.35
GNL,23.90
JBK,24.40
ASH,124.01
EZT,25.99
CRAY,21.90
SENS,1.78
NATI,32.79
ELF,27.61
BWFG,33.96
IART,42.33
FRC,94.59
STV,1.30
GABC,48.47
VALE,9.54
WTM,882.95
ANTH,0.44
TECD,92.34
MLAB,122.32
FYC,36.36
CEZ,27.19
OHAI,1.53
FPL,13.43
WLKP,24.90
RELX,19.71
QQQX,20.52
JBLU,20.73
ARL,8.06
GFY,16.55
RENX,18.51
BICK,24.85
XENT,17.40
RCI,44.11
SFUN,2.66
TPVZ,25.50
CATM,46.60
EBSB,18.40
NSL,6.87
MN,5.80
SXI,99.95
CHMA,1.80
VTHR,108.67
TGS,13.96
QAT,19.53
CUTR,20.70
TMUSP,106.14
BCOR,17.55
NAV,24.56
AWH,53.21
EV,44.89
KRG,21.35
DTJ,24.00
TPB,15.17
CLR,44.62
HRI,48.67
FFNW,17.77
GSBC,51.10
ITGR,40.00
SCCI,0.53
CJ,34.23
IGT,23.57
BIO,199.25
PRPH,2.12
ADBE,129.61
MRTX,5.15
DB,17.26
TDF,18.70
QLC,29.20
HHS,1.36
SALE,8.20
ECCB,25.85
DEA,19.58
SGM,7.95
OTIC,12.25
PETX,5.32
HIL,3.95
MVCB,25.55
XEC,121.08
DERM,34.59
CIR,58.51
LXFR,12.09
NRCIB,40.41
MBFIP,26.41
FSCE,25.23
BPK,15.03
BBSI,53.42
RYN,28.10
LAND,11.06
WEX,102.81
NVS,74.76
UTMD,61.45
LEDS,3.07
MDVX,1.58
HCCI,13.65
DXYN,3.55
PDEX,4.55
LALT,22.35
VTWO,110.12
PHD,12.19
CAI,15.52
GULF,17.44
BFAM,72.18
GCVRZ,0.44
FCEL,1.43
PAA,31.27
MSCA,26.14
OC,60.99
DYN,7.68
MFM,6.93
ALDR,21.05
MFD,12.60
DKL,32.25
NPV,12.88
ASMB,25.36
UZA,25.54
HOFT,30.75
TDIV,31.73
BBK,15.00
TIPT,7.30
ENV,31.75
BNDX,54.15
TWO,9.59
PRCP,8.40
ICB,17.82
SLCA,48.07
EURN,8.00
NKX,14.67
STAG,24.83
VCSH,79.68
BIOA,2.30
SPNC,28.40
CIK,3.29
NS,50.86
DRI,82.83
IPI,1.71
THFF,48.50
MNR,14.12
FJP,51.37
CHU,13.49
BCOM,19.48
FNBC,4.00
MAUI,24.17
ZAYO,32.81
HPP,34.47
GRAM,3.02
CCUR,4.90
USAP,16.84
HGSH,1.62
RPM,54.98
MOV,24.30
HMLP,19.75
FVE,2.15
IRS,24.87
TANNZ,25.30
CFBK,2.16
ELU,22.96
KEN,11.58
WTI,2.77
AGIIL,25.35
BUR,1.51
AERI,45.45
MKL,969.48
GOGO,10.96
NPO,69.73
ARCI,1.06
INTL,37.66
ATI,17.95
RWLK,2.05
IHIT,10.03
RIGL,3.24
TEP,53.00
FAST,51.32
DJCO,214.57
FSBC,14.60
NFLX,148.06
GEB,25.40
BCTF,12.64
INTX,4.08
CBU,55.55
GPAC,10.03
OTTW,13.17
SGY,22.00
MESO,9.01
DLBL,74.42
CTW,25.54
MSA,69.67
MSN,1.35
CFX,39.31
SDRL,1.57
CNI,73.96
KFI,25.57
PSO,8.29
GPK,12.82
ZTS,53.47
HIG,47.81
DNN,0.64
TREX,68.80
PEBK,28.54
EPAY,23.58
WBMD,53.29
CNXN,28.92
MCHX,2.69
CVS,78.85
SAFT,69.45
LMRKO,25.05
PNQI,94.55
GWPH,121.35
MODN,10.20
MPSX,17.94
FMB,51.76
CALD,20.70
ETP,35.65
AGRX,3.29
ENLK,18.22
NTEC,5.20
SSB,90.70
SNI,78.67
GDL,9.87
SRCE,47.01
SNE,33.48
SIVBO,25.95
INGN,77.01
GJR,20.73
PCYG,12.05
CHH,63.15
FISV,115.93
MITT,18.01
ANTM,167.08
LKSD,24.15
MMLP,19.25
LLL,166.66
AZZ,58.35
BIOL,1.33
PSCM,46.70
VIA,48.10
CBRL,159.57
SYKE,29.08
OKS,53.50
RECN,16.80
KORS,38.13
FCBC,25.26
HI,35.95
FUSB,12.47
CGG,7.03
FLT,148.10
EPM,7.95
SRI,18.40
LBRDA,85.33
ABEV,5.79
DCP,38.93
MTL,5.48
DTV,53.78
HCKT,19.11
SOCL,24.91
BPTH,0.79
ADTN,21.05
CASS,66.59
HAIN,37.14
OXM,58.15
LTC,47.57
NWHM,10.40
ATEN,9.00
ORC,9.97
NTP,7.00
BRN,1.96
JQC,8.69
AKG,2.66
ULTA,285.51
MX,9.60
Q,79.93
MRDN,3.59
DIAX,15.64
JXSB,31.30
MRO,15.85
SHO,15.13
RHP,61.94
CCCL,2.27
UREE,0.32
GLW,27.56
CHKR,2.70
DVCR,10.59
FIVE,43.87
BRFS,12.19
LPSN,6.95
MSB,14.60
OSB,28.31
FOSL,17.21
LGCYP,8.97
XTLY,11.60
ARCB,26.00
VIAV,10.80
NEO,7.67
BUFF,23.05
KLIC,20.35
KALU,79.20
SCWX,9.68
SXL,23.88
XBIT,16.62
JACK,101.80
SHOR,6.20
AAU,1.07
BAC,23.87
ACHC,43.78
DDE,1.05
ICFI,41.45
CY,13.97
JSM,22.80
IDXG,2.95
FRBK,8.40
NMBL,12.48
BLJ,14.59
EHIC,10.05
FCSC,1.97
SUNS,17.90
ITT,40.72
DOOR,78.65
BTG,2.82
VSH,16.65
RLGT,4.98
IIM,14.56
SCAC,10.00
LTBR,1.14
TMO,153.91
QUAD,24.93
JMEI,3.70
INWK,9.72
ACIW,21.43
UBSI,42.55
UVSP,26.40
APPS,0.96
IRCP,43.89
DOC,19.77
CHL,55.16
VTN,13.53
FCF,13.37
LUV,53.83
TRNO,27.72
SELB,14.57
CBIO,9.24
BSQR,5.50
MMP,76.42
CRH,35.02
SLRC,22.50
WAGE,71.85
MTZ,39.35
DDT,25.21
SGF,10.75
SPAR,7.70
NDRO,3.40
IGLD,10.23
LHCG,54.10
VIIZ,9.16
TIS,23.71
OSN,2.16
OR,11.13
TTS,18.75
HSTM,23.90
ACRX,3.10
PEZ,43.47
OAS,13.89
BOXC,23.54
RMAX,57.85
GASS,3.93
MEN,11.73
VAR,91.17
EXPD,56.62
ZBIO,16.72
ZIONW,11.69
ATHN,112.42
CAJ,31.65
SSBI,13.20
MVO,6.15
ENVA,14.75
RWC,5.00
MEI,45.65
RFEM,60.36
DRH,11.06
YUMC,26.52
CNO,20.41
CXDC,4.85
VCRA,24.30
BFR,18.56
USDP,12.15
HUBS,58.20
OMC,85.90
WPT,16.31
ANAB,28.78
ING,15.08
AIR,33.78
RIV,19.59
INUV,1.31
HDP,9.73
VTVT,6.52
CNXC,16.50
CIGI,46.85
CVGI,6.15
ABT,44.55
JBSS,72.53
KIO,16.81
CGI,6.50
XGTI,1.57
NMRX,4.53
WCG,139.38
BABY,38.55
SD,18.30
AMGN,164.38
CCK,52.52
JNCE,22.70
UBCP,12.65
ABMD,125.00
FET,20.25
DGI,32.65
BPI,10.69
TBNK,31.25
ADRD,21.08
INSM,17.17
FAM,11.59
CGA,1.29
AVA,38.91
REGI,10.15
HUBG,46.25
FLIC,27.00
DTUL,63.84
ZTR,11.69
SFNC,56.05
IONS,40.41
GPRK,7.08
AIA,53.00
CHMG,38.70
ALJ,12.11
ADGE,0.31
ADHD,1.14
KTF,13.20
FRT,133.34
EXXI,29.96
FUN,68.00
EGLT,5.11
LMIA,13.75
MELI,212.56
ESBK,21.70
DATA,48.96
FANH,8.68
QVCA,19.90
IBOC,35.75
PSDV,1.75
AVNW,15.08
MBVT,49.15
FAC,1.38
CONN,8.95
PRAH,65.21
AAN,29.85
CM,85.31
CHTR,328.12
WSM,52.43
TRPX,8.38
STAY,16.00
CASI,1.37
JYNT,4.16
AKAO,25.11
GFF,24.45
AKRX,24.35
EIM,12.52
VTWV,102.48
NVCR,8.05
OXY,64.27
SCCO,36.20
DWAC,24.62
NYT,14.55
NBEV,4.15
MMYT,33.95
DSGX,22.75
QBAK,5.31
BUSE,29.60
BYBK,8.00
AQN,9.55
AYR,24.19
TTC,63.29
PCF,8.63
ICPT,112.88
GHDX,31.85
ENOC,5.80
HIX,7.24
DZSI,6.22
BSE,13.08
AMWD,90.20
BTN,6.20
NEON,1.59
ISRL,116.50
JMT,23.68
PCH,45.55
MAC,64.24
TVIA,0.75
TD,49.66
MOFG,34.40
FSNN,1.55
ARNC,26.56
DNKN,55.36
CTS,21.55
ARRY,9.08
AVDL,9.55
LXFT,61.00
HRS,111.79
CTRE,16.64
DWAQ,83.59
BNTC,2.66
SGU,9.24
VPG,16.10
SNHNI,24.84
HCOM,22.92
BAS,31.12
PLBC,18.10
RDY,40.62
BLE,14.86
CSOD,39.00
IBTX,64.40
MACQU,10.22
FBNC,29.57
MOH,45.80
ETB,16.26
VGSH,60.77
JOUT,36.01
NBB,20.77
WSO,143.32
HLTH,1.65
SWNC,19.59
CIL,35.29
LE,21.40
AEK,25.98
LBTYB,35.10
KS,22.87
PRGS,29.35
ACNB,28.90
UNP,106.94
BOKF,78.69
TXMD,7.06
FOXF,28.60
RBC,75.85
ISD,15.38
CRK,8.85
HXL,54.44
SAM,145.70
ALE,67.48
ACIU,11.57
CKH,68.25
CHT,34.14
YRD,25.04
MYJ,15.35
JMPB,25.39
PRU,107.30
GLYC,5.52
KAI,59.40
ORA,57.12
WHLM,7.21
EXAS,23.56
NBHC,32.82
ESGD,60.15
HCSG,43.06
UAN,4.77
SEAS,18.29
GOLD,86.41
BK,47.53
OAKS,5.10
DDC,12.62
NRE,11.63
APH,71.89
PKO,24.83
NML,9.97
SWZ,11.57
KRNY,15.10
WSTL,0.69
TSE,66.35
AFGE,26.20
EVF,6.78
PRN,51.27
CALI,1.52
BAP,165.23
BGSF,14.39
IRT,9.26
DSW,20.82
LXU,9.21
SFL,14.75
NTL,25.55
WLB,14.68
STNG,4.58
RXDX,8.50
PII,83.58
ACRS,29.90
PDBC,16.55
RRR,22.48
QIWI,16.78
GERN,2.21
AU,10.62
ATKR,25.99
FFIN,40.35
RGSE,1.38
MATX,31.56
THW,14.35
NBR,13.04
SYF,34.43
WABC,56.69
AOS,51.14
TGA,1.59
CIT,43.31
ENR,55.88
CBL,9.30
QINC,23.22
BRC,38.35
ASA,11.98
SZC,18.12
SPEX,1.10
OAK,45.20
BOE,12.41
AMID,14.55
GNUS,3.86
FEP,31.81
NOW,86.94
TSCO,68.65
GTIM,3.10
ECF,8.62
CNHI,9.65
RA,22.84
CNCO,9.27
SKYY,38.68
CEF,12.80
WHLRP,23.90
BKU,37.60
TPC,31.15
FPAY,4.70
PAY,19.20
CRSP,20.72
TEDU,18.99
CAL,27.19
KF,36.84
MMT,6.08
CERN,59.17
INN,15.93
TSU,16.04
STRA,81.34
VKTX,1.39
NVG,14.62
VRSN,87.19
IBP,52.25
CARB,19.40
VALU,17.00
PAAS,17.50
LMFA,4.13
IFON,0.54
CVBF,22.21
CWT,35.05
ACU,27.72
OPY,17.15
HTH,27.41
ALL,81.64
SNLN,18.55
GCV,4.96
APTI,11.85
PFM,23.86
WILC,5.99
AEH,25.57
DHF,3.37
Z,33.28
LINK,9.00
VG,6.26
GSOL,8.20
RATE,9.80
SFM,22.79
SPTN,35.15
TSM,33.07
FDT,52.08
BDX,183.71
HTZ,17.55
WF,35.50
GOLF,17.21
PEP,112.18
GNMK,12.79
CIZN,24.30
MTD,478.69
NETE,0.91
IID,6.95
IX,75.11
NVLS,2.83
NYMX,3.69
BSMX,9.19
OCIP,10.20
GOF,20.30
VYGR,12.52
DLB,52.08
MZF,13.20
XPL,0.85
ITRN,29.80
COH,41.69
BIIB,269.06
TEUM,1.02
PLW,32.11
IAF,6.10
IEC,3.85
DVD,2.15
FYX,54.26
PRAA,33.05
PPG,105.23
IGOV,91.35
PHI,31.60
NAVB,0.56
LGIH,33.82
WEN,13.68
BETR,8.30
BQH,14.10
MYOS,2.88
USLB,28.33
ABM,43.45
BW,9.38
INSI,19.17
DUKH,25.75
BBL,31.71
EVK,2.75
CBSH,56.51
AVX,16.47
BRX,21.22
ZIXI,4.74
ITW,132.61
FEUZ,35.70
TEAR,3.10
BREW,13.55
TKAT,8.02
GLAD,9.41
WY,33.89
CIM,20.15
FLAT,59.12
PTN,0.33
NFX,36.71
ZAIS,2.53
KOF,72.54
DCO,28.66
COHR,205.61
MCK,149.48
ATTU,7.96
CSII,28.98
PBHC,14.50
EVOL,4.81
HYLS,48.83
UGI,49.56
MRIN,1.75
WNR,34.95
FNHC,17.38
KNOP,22.60
BEAT,29.05
NTZ,2.75
BCV,21.04
TRQ,3.06
FAD,55.97
REXX,0.46
ANY,0.25
BKJ,15.30
FOXA,32.36
AIN,46.00
SATS,55.90
HSNI,36.85
AVK,15.50
ITI,5.37
GCH,10.50
EBMT,19.95
CB,137.05
NTNX,19.15
PSET,28.03
UCFC,8.49
EAT,43.95
CNQ,32.56
AHT,6.36
INDY,32.43
WAFD,33.50
ONVO,3.08
LOGI,32.06
MOC,2.52
ASUR,10.45
WOR,45.97
SNES,8.01
IAG,3.93
JOBS,36.26
CHSCN,28.25
FEMS,36.36
SCNB,40.92
STAA,9.90
EMN,81.08
BELFB,23.25
INDB,66.05
JMP,6.10
CELGZ,1.07
SSNI,11.37
HSEB,26.42
CATY,38.09
JMBA,9.10
PLUS,134.10
KDMN,3.76
NMI,12.08
PTIE,0.91
PAR,7.07
IIVI,37.35
MGEN,12.00
CREE,27.24
WTBA,23.00
BST,20.74
SOJB,23.70
CSBR,3.15
EDU,59.53
KOS,6.42
ARI,18.72
NCB,16.75
SKYW,33.85
ECOL,46.10
SNHY,35.98
FHCO,1.04
CXP,22.19
SUPN,31.25
RMD,71.52
HPT,31.40
TANH,1.48
FNFV,13.00
ACWI,63.41
VIPS,13.42
WYN,85.10
AMMA,2.70
INSW,19.21
FTF,11.94
FOMX,4.87
CTO,52.55
MSON,11.75
HNP,26.43
PANW,113.50
SINO,2.65
LQDT,7.80
TROV,1.15
FPF,23.34
AMSF,64.65
HIFR,17.95
ALTY,15.56
VLRX,6.48
ACCO,12.90
PIR,7.18
GSV,2.20
AEUA,42.80
CEA,28.46
MGYR,12.87
CRMD,1.65
ENT,3.34
WMK,60.44
MPC,50.14
STT,80.04
ARW,73.88
BOOT,10.08
SASR,41.30
PLPM,3.92
FRSH,4.62
UMPQ,17.88
PIM,4.65
BBG,4.27
ETW,10.91
GOOGL,849.48
NSP,86.85
EXAR,12.97
ARC,3.75
EMES,13.44
AVP,4.37
NSH,27.35
GME,22.46
SWKS,98.14
MSEX,35.89
MDCA,9.50
IRDM,9.50
QTEC,60.29
PATK,69.05
MS,43.43
UQM,0.52
RS,80.12
JCE,13.83
FCAP,33.90
AUXO,4.63
LPLA,39.96
NNC,12.93
PTSI,16.97
URG,0.67
APTS,13.33
VTRB,25.05
WEA,13.42
CDNS,31.35
MFA,8.05
CIA,7.49
HMSY,20.11
FTLB,21.08
VRTV,50.40
EOCC,22.51
JRI,17.08
HGH,30.99
LMNX,18.22
SU,30.89
LINC,2.84
BRID,11.00
HFBL,28.00
PKG,91.11
PRXL,62.96
LDOS,51.32
GENE,1.18
RACE,74.45
CATO,22.07
MSBF,16.05
RZB,27.20
EXFO,5.10
SWIN,26.09
YY,46.88
NEWM,14.28
DOV,80.07
EVLV,1.30
AIRR,23.56
HEAR,0.91
MCY,60.82
DWLD,21.04
MBWM,35.33
NHLD,2.84
TMQ,0.54
AXU,1.59
NVRO,92.94
XBKS,25.29
TRNC,14.42
LNC,65.43
MBT,11.07
E,32.63
IIF,31.32
CI,147.60
SRDX,24.30
FRGI,23.95
FFBC,27.85
SEM,13.20
WPCS,1.36
GJT,18.82
AFT,17.64
LNGR,16.94
VICL,2.29
NFJ,12.94
EOT,21.52
DYSL,1.25
PES,3.85
SPI,1.12
RHI,48.62
DSX,4.68
TV,26.13
PGLC,2.85
L,46.86
OB,15.34
PFE,34.35
GLP,19.40
EIP,12.67
CE,89.89
SLMBP,67.00
EVBS,10.45
IVENC,99.99
CZZ,8.49
AGZD,48.10
HAWK,41.00
HOLX,42.71
CUO,25.40
OMI,34.30
FOX,31.67
SJT,6.98
BOOM,12.40
TAP,95.57
MYC,14.80
TSC,23.55
SLRA,25.20
FH,2.18
QEP,12.33
NLSN,41.08
HNH,27.45
RNWK,4.64
TQQQ,88.42
TXRH,44.33
SIGI,47.00
KLDX,3.86
PQ,2.83
PNFP,66.97
MYGN,19.12
IFMK,14.96
ANDE,37.80
EL,85.34
BOTJ,14.56
LYTS,9.92
FDEF,50.33
HOS,4.35
AXN,0.40
MCRB,11.16
VTR,64.50
PVH,103.62
ISNS,2.90
CORR,33.45
PGNX,9.60
MEP,7.95
ORIG,0.30
DRNA,2.70
VICR,16.05
CDC,42.88
XRA,1.65
EXCU,49.35
NTG,20.40
CIF,2.62
MDGS,3.18
HABT,17.33
YLCO,11.38
DLX,71.77
INVH,21.75
ROBO,32.27
CIX,14.95
HASI,20.22
GAIN,9.05
AVY,80.48
AAV,6.55
CFFI,45.55
AL,38.85
CSCO,33.74
MRVL,15.55
PCTI,6.82
TCRD,9.88
TTWO,58.90
AINV,6.47
BKHU,72.20
KTEC,13.24
HBHCL,25.15
ADX,13.76
HES,48.98
AGYS,9.47
AXDX,24.10
GRPN,3.96
FTRPR,49.35
TLND,29.14
PCMI,27.75
MTX,75.90
SOHU,40.38
SYRS,15.40
CBOE,80.00
VNRX,4.18
DNR,2.50
CPB,57.11
LW,42.09
CRY,16.45
SQZZ,25.26
INGR,120.43
PCBK,24.60
PERF,1.20
NWE,58.84
CTY,24.78
NYV,14.52
JPT,25.04
ETFC,34.88
TAPR,25.97
BXMX,13.35
HEB,0.53
EBIO,2.23
PTHN,26.17
PBB,25.90
CALL,8.55
FWP,26.85
AGNC,19.95
EPZM,17.05
DSE,7.68
PDFS,22.48
SNDX,13.95
SEB,4084.69
PBF,21.82
AIB,25.34
IBKCP,27.03
LOR,10.64
FPT,13.17
SGA,51.30
XLRN,26.73
MIC,80.73
IRL,12.78
APOP,8.98
ONDK,4.91
SPXC,24.06
GJH,9.77
IHG,49.06
CLNT,3.08
WTR,32.00
EMCB,71.38
UUUU,2.13
ZF,11.08
KWR,131.32
ERN,2.30
PPC,22.41
NCS,17.30
LCM,8.42
SBY,21.43
JRS,10.98
HOPE,19.41
GRF,7.30
TK,9.40
PPIH,7.87
PYS,24.60
IRMD,8.85
TWN,18.29
LIVE,15.79
CARV,3.72
ANCB,25.75
MCC,7.73
OUT,26.42
AXAR,9.83
VVPR,4.50
ARTW,3.65
DTY,26.04
DFVL,64.30
FMSA,7.31
ALBO,24.00
CGO,11.94
SUMR,1.89
STON,8.10
NOC,239.06
EMKR,8.60
VLP,48.04
EEMA,60.48
UFAB,11.73
TLF,8.20
UBP,17.00
SNPS,72.21
SLW,20.31
ARTX,3.05
SIG,70.67
FEO,15.23
RUN,5.22
RYAAY,83.06
STN,26.00
NEOG,64.83
LDP,25.33
CH,6.94
TGD,0.37
TGLS,10.85
CXSE,56.88
AROC,12.00
PANL,3.35
SBBP,4.60
COL,98.39
TICC,7.42
NVCN,1.42
RICK,16.58
ARWR,1.88
NOVT,26.75
EMX,0.95
OZM,2.20
LCA,9.97
FCT,13.78
PSL,58.88
UBNT,50.62
PGRE,16.16
SWM,41.81
CLH,55.05
GNTX,21.39
FMY,14.07
VMW,91.42
MHN,13.60
ULH,14.00
BIF,9.31
ELLO,8.05
TRTN,26.20
DEX,11.00
STMP,114.85
JASO,6.34
DTEA,7.20
AXTI,5.80
JOB,4.97
NTRS,87.19
CDXC,2.65
BKT,6.21
CROX,7.01
UTHR,136.35
HCM,20.57
EVLMC,99.94
BMRC,65.00
BMRN,89.12
ODP,4.62
RELL,5.91
TRUE,15.60
DENN,12.34
GAB,5.98
EPR,73.39
PNNT,8.11
MON,113.35
PLM,0.75
NXST,70.35
IGC,0.42
SAUC,2.33
AIII,1.15
OIS,32.35
FI,10.35
BYM,13.89
DGRW,35.53
TANNL,25.40
CAH,81.67
KURA,8.65
MSM,102.46
UCBA,17.60
PCI,21.36
TEF,11.17
ITCI,16.26
TOPS,1.05
JRJR,0.47
AGRO,11.47
KONA,6.25
GHC,585.00
NOVN,6.34
LOV,1.01
TYG,34.42
QUOT,9.95
ADK,1.27
ECR,2.41
SONC,25.08
EVEP,1.54
AFSI,18.62
WHG,52.24
SMP,49.14
BMI,36.75
ISRG,766.26
UHT,64.80
PPX,25.72
DHX,4.15
AEHR,5.41
KGJI,1.24
AGN,239.80
MSCI,96.71
KST,12.14
HFWA,24.80
OMNT,11.84
WRE,31.06
HQL,19.30
CR,74.47
SANM,40.50
PBNC,53.00
ABTL,12.71
ESE,57.95
LXRX,14.39
SENEA,36.50
FINQ,25.00
BDC,69.58
SWJ,25.14
VTGN,1.96
IRBT,65.63
SHI,56.15
IMDZ,6.75
CJJD,1.80
GV,5.60
HMNY,2.85
ESRX,66.56
ICLR,80.27
VFL,12.91
ZYNE,19.96
HNRG,7.94
PKOH,36.50
LILAK,23.40
ZBK,29.20
UTSI,1.89
HBHC,46.15
VIRT,16.90
TAT,1.30
MQT,12.80
BIOS,1.73
UTG,32.43
NWSA,13.24
BCX,8.56
RXN,23.05
IHT,2.00
CRCM,12.65
CACC,200.14
MUS,13.27
DIOD,24.05
KIQ,0.81
BBP,37.99
ECCA,26.00
PNRA,255.45
GHM,23.32
GLBZ,11.95
AMBR,7.60
NWLI,305.80
PBFX,21.55
MPVD,3.10
SLAB,73.50
LEE,2.65
OPHC,3.00
ARII,41.29
CRESY,20.00
KKR,18.37
BGB,15.81
LPL,13.57
H,53.65
DCUD,50.44
SLQD,50.36
OPP,18.83
GIL,26.83
NNBR,24.80
DEST,4.26
DG,70.86
GYC,23.40
IR,80.90
RICE,23.02
FCAU,10.98
KFFB,9.90
SHLM,31.05
REFR,1.43
AMH,22.98
FALN,27.40
AFST,24.92
BTX,3.31
FDTS,35.65
SRF,9.39
AIT,61.55
KBWY,37.40
PCN,15.93
BONT,0.88
ACP,13.83
TNC,72.50
SGRP,1.03
ASB,24.70
RMTI,6.14
AWK,77.00
LOPE,71.74
IFN,25.27
ATNI,71.15
CMS,44.63
ALRM,30.00
RGLS,1.60
PNC,121.53
EHI,10.11
JBR,15.98
CNFR,7.35
TRV,121.03
WKHS,2.46
MFL,14.37
FCFS,48.25
NKE,56.04
LTXB,40.23
GOOD,20.53
AINC,60.70
PWE,1.66
KCAP,4.02
AGU,96.01
TCBIL,25.31
CFNL,30.13
WASH,50.35
CRMT,36.55
WILN,1.78
LNTH,12.40
RNN,0.48
HBANO,25.88
AETI,2.15
KSU,87.00
SHSP,4.55
LGL,5.04
CRME,3.00
ANIK,43.19
EGL,28.11
NID,12.90
BGNE,36.59
AEZS,3.05
SBOT,1.61
OXLC,10.92
HUBB,120.39
EGRX,82.87
DSXN,24.51
CPAC,11.11
OKE,54.92
BPFH,16.60
HURC,30.85
NSM,16.09
RAND,3.01
APD,135.60
VR,56.53
AVT,45.61
AVXS,75.31
LITE,53.70
FNSR,28.18
SVA,5.73
CTBB,24.80
WK,15.55
GNK,12.77
NEM,32.93
FRPT,10.85
VVC,58.21
FSB,38.75
NTWK,5.00
UAA,20.09
EVA,27.55
ALDW,9.75
MTCH,16.45
ARA,16.85
KTOV,2.02
MFNC,13.76
CBT,59.64
INFY,15.80
LSXMK,39.06
JPM,89.03
CDL,41.77
MNK,45.39
EOS,13.63
RMGN,0.77
INFR,26.93
PCLN,1789.20
INFN,10.40
SNV,41.38
CUDA,23.18
FRBA,11.65
COGT,4.70
LVHD,29.69
DXJS,37.99
TATT,9.55
TGH,14.90
SSRI,10.40
BC,61.18
ROYT,1.88
RNG,27.65
PTXP,17.06
EVM,11.35
CPN,10.83
BLUE,91.70
CGNT,1.84
OLBK,28.47
WEC,60.43
DPG,16.20
JCI,42.14
EACQ,9.96
MBSD,23.99
ACH,12.16
NRIM,30.20
TSLF,18.24
ECCZ,25.82
BHE,32.00
CNTF,2.04
AZO,719.08
USAC,16.43
AB,22.50
TUTI,22.65
TRXC,1.18
STLD,34.55
NCI,22.76
TERP,12.30
FITS,26.10
RPD,15.01
VOXX,5.20
WSTC,24.29
JUNO,21.96
SNR,10.17
FMX,90.53
PPHMP,21.71
AMKR,11.28
DWLV,26.80
CERS,4.44
PHT,9.87
CLUB,3.60
OMF,25.38
CSGS,38.00
EVGN,5.35
LCI,22.50
PGTI,10.45
PGTI,10.45
MANH,51.23
AWR,43.51
HOME,15.29
MEMP,0.12
DFVS,30.18
EVBG,20.12
BLDR,14.84
BCC,26.55
CUBI,31.63
PACD,2.25
VRSK,80.79
DHR,85.72
DS,4.12
ELS,76.80
OOMA,9.75
KND,8.55
VONE,108.49
IP,51.14
IROQ,19.90
ANDA,10.12
PULM,3.39
NUV,9.71
BBD,10.32
TPIV,4.32
PH,160.05
CVCO,116.90
SPG,170.04
ASRVP,26.58
ADI,82.20
SKLN,2.11
CMCSA,37.51
CSFL,26.04
HBP,8.24
ALGT,161.35
BVX,2.71
RTTR,1.40
CTZ,25.09
ST,44.06
KERX,6.10
LWAY,10.78
GPIA,9.97
NUO,14.80
HIVE,4.26
RFI,12.32
LPT,38.13
BIOC,2.08
NX,20.15
SCMP,11.10
MOMO,35.52
XGTIW,17.38
KATE,23.20
TDJ,25.27
PAACU,11.12
KLREU,11.75
ATRC,18.86
BX,29.69
CUZ,8.16
ETR,75.85
XLNX,57.88
NUW,16.93
AQB,10.72
ITIC,157.53
RIBT,0.87
CTX,25.16
ASC,8.05
CAB,52.35
LBAI,19.65
SPH,27.04
HWBK,20.74
NGVT,61.43
PCAR,67.64
MDLQ,25.56
PLUG,1.46
JKI,148.49
FLN,20.78
CYOU,28.85
DMO,23.74
AGIO,57.34
QCOM,57.20
CSU,13.74
WGO,29.30
NTES,282.35
ACTX,14.65
CAPL,25.19
ADRE,36.83
OLP,23.12
SPWH,4.84
IMGN,3.85
FOANC,100.05
NHF,22.89
GPRE,24.00
GIM,6.64
EPIX,2.94
YIN,20.66
CRNT,3.31
UNM,46.82
IVH,15.14
OHGI,0.28
OCC,2.80
EDGE,9.06
SGRY,19.50
CETC,2.05
HBNC,26.41
ODFL,85.89
MDGL,15.45
VVR,4.64
SAIC,74.97
GVP,3.40
FDIV,50.59
TAIT,1.19
INTU,115.62
SNBC,24.20
JLS,24.65
PBT,9.17
ORBK,32.24
ORN,7.48
TOT,50.06
CETV,3.10
URRE,1.78
HOTR,0.36
HIW,49.11
BLVDU,10.45
CTSO,5.45
WTS,62.40
SVVC,8.00
FINX,16.26
PVTD,26.06
IDXX,154.52
DBD,30.60
PINC,31.88
RQI,12.27
TRGP,59.06
ASCMA,13.80
AGX,65.85
KGC,3.48
MIIIU,10.07
BDJ,8.51
SUNW,1.51
MAYS,39.70
FKU,34.72
CIVI,17.95
DCOM,20.30
NODK,14.69
FSIC,9.85
IFV,19.09
GTN,14.45
WBA,83.31
STRM,1.06
HCAP,13.17
AFMD,2.40
GMLP,22.32
USEG,0.91
MCR,8.58
RELV,5.30
SGLB,3.20
SF,49.88
CHGG,8.46
SMI,6.28
CAPR,3.22
ADP,102.17
EXTR,7.38
SNH,20.28
TTOO,5.28
BGCA,25.50
AKP,13.31
TLGT,7.92
EFAS,16.49
MDSY,0.87
ILMN,173.16
AFG,95.42
NBLX,51.25
RCM,2.98
DISCK,28.05
FIBK,40.25
CRI,89.84
ELC,23200.00
MPG,22.90
CFMS,5.17
MUR,28.28
ANFI,5.31
AGI,8.03
FPO,10.19
EIA,11.50
TROVU,3.02
SMMT,12.75
EPD,27.26
CIDM,1.36
EGI,0.47
RMCF,11.20
SCYX,2.79
WBC,117.45
HLS,42.55
DISH,63.20
EE,49.80
AUBN,33.00
MBOT,5.87
SN,9.35
NXPI,103.75
EXEL,21.20
TSQ,12.07
MOXC,2.97
SAP,97.91
BOJA,20.45
ARKR,24.85
DCTH,0.09
PGEM,19.40
PRIM,22.92
ARIS,5.10
GDOT,33.29
TENX,0.54
CF,29.67
OSBCP,10.25
EIGI,7.90
CMTL,15.00
FSZ,44.77
TASR,23.22
ACV,20.25
YNDX,22.06
DRD,4.82
ADSK,86.32
DBL,23.80
ELJ,24.83
AMNB,37.25
WST,81.95
CPSI,28.05
RJF,76.09
IRTC,36.39
BCEI,1.26
WLTW,131.17
DFP,24.67
DRA,17.08
OLD,25.11
ASX,6.59
RWT,16.60
EGBN,60.25
PKX,64.18
SRC,10.03
GGP,22.94
PRTY,14.00
RENN,7.84
ADPT,1.71
KMPR,39.90
AGLE,7.34
OMER,15.63
RAI,62.82
CMRE,6.58
PCRX,45.85
TDC,31.27
GEH,25.50
MRLN,25.15
GLT,21.42
URI,124.17
CPE,12.78
LN,37.94
CNCR,24.17
OTEX,34.06
NTAP,41.90
ARCO,8.15
NKG,12.95
BSF,9.44
FMI,32.60
DFBG,2.05
PSTI,1.21
DGLY,4.25
CDI,7.95
ICE,60.03
GTWN,25.90
BEP,29.54
SPNE,7.65
HH,0.84
AAWW,55.65
CIG,3.19
HLG,8.31
HGV,28.94
ED,77.74
SCSC,39.10
PVBC,20.85
MBUU,22.19
DPLO,15.92
AET,126.91
VET,36.76
SRPT,29.01
MXIM,44.92
LAWS,21.90
OLLI,34.00
KMX,60.06
LORL,39.60
IRR,6.47
NEWS,10.66
LUK,26.27
TVPT,11.86
XRM,6.58
PPP,0.56
DM,31.50
DIS,113.18
MTG,10.02
SIFI,14.20
QADA,27.15
IESC,17.65
MYOV,11.56
FITB,25.73
SVU,3.80
TMST,18.15
PTEN,24.29
MAT,25.40
EA,90.26
OFED,25.09
TIK,4.90
NORD,25.31
CHFC,52.03
HIE,13.39
EVV,13.84
LNG,46.03
AMFW,6.60
CTBI,46.55
MMV,13.26
TNAV,8.45
CMCM,10.40
VLT,14.40
GOODP,25.67
NEWTL,25.34
GSL,1.47
FARO,35.80
ZBH,121.36
TREC,11.10
EMIF,31.62
QHC,5.34
INCR,45.30
STBA,34.79
DTYL,74.71
WAAS,17.15
CCRN,14.25
ECL,125.34
SPSC,57.88
AMD,14.05
CCE,37.70
CVCY,20.41
KBWR,54.24
CALM,36.80
SNAK,4.00
GLBS,4.65
CBLI,1.59
MO,72.05
KELYA,21.37
MUE,13.25
TIG,15.55
RDI,15.50
WMS,21.40
WATT,15.59
AIRG,15.16
CCOI,43.05
HYH,38.14
BCOV,8.70
VYMI,60.75
PEN,84.60
WSBC,38.29
XPLR,2.10
NEWR,37.12
USA,5.49
RUTH,20.00
REVG,27.90
MHE,13.95
HQY,40.84
VCIT,86.28
IDSY,6.46
ETSY,10.40
DNB,105.83
MHO,24.72
ALGN,113.96
KRNT,19.05
PRTK,18.80
FTC,52.71
SYBT,41.15
BSD,13.39
VTWG,116.77
EVI,19.05
CRWS,8.25
CSTE,35.45
ESS,232.57
EKSO,4.00
FBMS,28.30
EDD,7.66
SIGM,5.95
SBNY,149.86
RVNC,20.20
RHT,85.92
CVX,107.78
VRTX,107.29
SYPR,1.07
BRCD,12.44
AAL,42.54
MSGN,23.40
ALJJ,3.67
CPAA,10.68
GNVC,6.16
CRS,36.81
GROW,1.55
NCA,10.02
SHG,42.52
ACTG,5.55
BIG,49.17
NLS,17.85
SNMX,0.99
NEA,13.31
GSAT,1.64
HSII,25.65
CRBP,7.95
AIF,16.43
BRKR,22.95
VRTU,29.98
LVNTA,44.50
ATHX,1.90
WU,20.49
PMPT,24.70
STL,24.10
AES,11.08
COO,198.14
TG,17.40
EQGP,27.37
ASTC,1.33
EPAM,75.92
RVEN,5.96
DTYS,19.07
RCS,9.45
VRTS,105.05
PEG,43.91
FWONK,33.92
MCD,129.32
TIME,19.35
BURL,97.75
AFGH,26.58
CDZI,14.70
CHEF,13.85
GST,1.50
GJV,25.96
NTRSP,26.89
CRVP,0.81
NL,6.45
MD,69.44
BANFP,27.04
HBI,20.71
FOE,14.91
CLDX,3.60
AMRK,17.15
SJI,35.52
ISG,25.56
VUSE,29.59
PKI,57.91
POST,87.27
DFS,68.66
TACT,8.20
NSIT,41.24
IMMR,8.58
SKYS,2.07
AIG,62.57
NK,3.57
DOW,64.18
FNJN,1.63
MSD,9.38
ASG,4.52
MSG,199.45
CENX,12.63
OBSV,10.56
MHNB,25.50
SPKE,31.60
AMSWA,10.74
APWC,2.60
LMT,270.54
CCRC,13.25
DXR,7.40
BWG,12.84
NHS,11.89
DEI,38.11
GNRX,22.74
DVMT,63.99
MHLA,25.70
SSY,1.54
ALQA,0.47
TRMR,1.90
FULLL,25.41
TGTX,11.45
APEI,22.80
OMN,9.50
JAG,12.86
KLRE,10.27
CMI,151.96
LEO,8.65
DHY,2.67
EPE,4.60
DLA,17.10
RLI,59.34
MFIN,2.20
ORI,20.45
MOS,29.35
ONTX,3.10
NAVI,14.87
NUS,55.32
OPGN,1.15
STO,17.25
SPLP,19.10
FDUS,17.35
KONE,3.33
LAD,87.71
PHMD,1.81
FBNK,24.65
GBR,1.74
LJPC,31.50
LNCE,40.33
CCO,6.05
UNFI,42.68
BCE,44.06
APDN,1.75
NMY,12.63
AEG,5.19
LBRDK,86.64
MRAM,7.93
TYPE,19.65
IT,108.75
WMIH,1.40
ORCL,44.68
FIV,9.91
MIND,4.80
FSFR,8.66
ATW,9.49
SNX,111.16
IPKW,30.87
VDSI,13.25
TANNI,25.29
DMF,8.95
EZPW,8.05
LH,143.98
UFS,36.36
BZM,14.19
INCY,137.77
ENS,79.11
CHUBA,15.51
KRMA,16.89
CPRX,1.99
RBS,6.07
ASM,1.71
NNI,43.82
EEI,10.00
NSU,2.50
AMOT,20.00
CNIT,0.69
JIVE,4.30
NOM,15.68
CLPR,13.41
FUNC,14.65
DAKT,9.29
KTOS,7.90
THGA,25.46
MGM,27.33
SMCP,24.45
WGL,82.76
UCBI,27.95
CLD,4.57
ELLI,100.29
NNA,1.74
WSTG,18.75
COT,12.43
AKBA,9.23
TECH,101.04
TRMB,32.20
NSA,23.64
MHF,7.18
OSUR,12.70
PLXS,58.20
PFK,26.20
MHK,228.91
WIN,5.40
K,72.54
AME,54.12
SWIR,26.35
MOBL,4.30
BSM,16.16
ANET,132.81
CUR,5.28
NCBS,47.03
PFD,14.97
ERF,8.00
DHXM,4.15
RDNT,6.00
MTGE,16.75
HUNT,9.87
TOUR,8.64
SEAC,2.44
LDF,10.63
JHB,10.10
ATV,8.98
CYTR,0.45
LEG,50.41
NMFC,14.80
BLCM,12.44
EWZS,13.53
SHIP,0.84
ROCK,41.10
PDT,15.93
FIZZ,84.04
MTOR,16.92
PNI,11.50
CCN,13.25
CSLT,3.75
CVM,0.09
JEC,55.33
SIEB,3.64
HW,23.46
BBT,45.23
SJM,131.26
FARM,35.00
LNDC,12.25
UPS,106.66
INTT,6.35
MVIS,2.43
DDS,52.99
DLHC,5.40
CTAA,26.54
WOOF,91.46
SNC,14.44
SLD,14.65
LGND,105.26
IGF,42.09
GPN,80.70
KEM,11.65
SPWR,6.09
SDPI,0.92
DBVT,34.87
PE,31.90
GOVNI,25.00
AFA,25.41
BKN,14.49
IVFVC,99.99
MDU,27.08
MLR,25.60
GEF,55.28
HWCC,6.70
BSX,24.45
IHD,8.60
CARO,29.96
PPBI,38.70
ESRT,20.58
WMT,71.59
COVS,2.00
AGCO,60.36
SBCF,24.25
CACI,118.25
MED,43.87
HRTG,12.73
DRIO,3.90
CAR,29.42
EARN,14.53
BTZ,13.12
GAINM,25.55
SKT,32.93
AR,22.90
CRR,13.10
WFT,6.60
CATH,28.83
UMC,1.94
HAFC,31.00
OPXA,0.77
LAMR,74.99
ARCX,14.39
BPFHP,25.54
NUTR,31.60
NGD,3.04
CTRL,15.68
FUL,52.97
MKC,97.53
GWRE,56.28
CVU,6.85
BGFV,15.35
BHI,59.31
IFMI,1.16
QTNA,20.68
GNBC,17.95
ENIC,5.50
PDCO,45.27
PETS,20.04
GCAP,8.34
GCI,8.44
S,8.52
PNTR,9.00
FTXN,20.52
CBR,0.36
AAXJ,63.25
MGLN,69.20
VC,98.14
INT,35.97
VSAR,22.00
AIY,25.90
NRP,36.40
CYTK,12.80
FRAN,16.45
LNN,87.81
SDR,1.45
SUPV,16.81
CHFN,19.39
CCXI,7.08
HK,7.76
MOD,11.45
PM,113.52
OFIX,38.34
HSKA,102.75
DGICB,15.35
LARK,30.43
SOHOB,25.68
LSCC,6.92
CPL,16.38
EXAC,25.85
NVFY,1.69
IXUS,55.07
MHH,6.75
CRAI,34.88
AN,43.49
CINR,28.62
THG,90.22
CSGP,206.73
SQBG,3.74
GRA,68.60
TDA,24.62
DUC,9.21
SONA,16.85
TTEC,29.45
PLSE,27.02
INPX,3.19
MMU,13.77
SWX,83.14
OXLCN,25.79
EGLE,5.79
QNST,3.83
FLS,48.00
AIW,24.58
EDUC,8.10
THS,84.50
CSTM,6.60
SPP,15.40
GLA,4.78
MDCO,49.09
SRG,42.76
CLX,135.29
BSAC,25.22
FNCX,0.56
RPAI,14.30
PSX,78.59
TCBIP,25.41
MYRG,40.86
NUM,13.34
AE,38.23
MICT,1.28
DGSE,1.46
DRUA,23.76
HTD,24.63
SAFM,103.33
HONE,18.98
CARA,18.76
BNFT,27.15
NGHCP,25.12
INVT,0.34
AP,14.40
FOGO,16.15
OACQ,10.45
CSQ,11.14
DSU,11.53
PENN,18.47
HOVNP,7.01
PNK,19.37
ESXB,7.95
GLF,0.36
MSL,15.20
KT,16.81
PHH,12.76
ANGI,5.75
MNDO,2.42
KCG,18.00
SDT,1.42
RMR,49.10
ACC,47.46
VVUS,1.09
CLDT,19.49
PUB,26.45
AFAM,48.90
RYAM,13.13
BIP,38.68
CLF,8.27
DWTR,24.64
AOBC,19.64
CSF,40.58
X,33.87
FEX,51.70
EIV,12.20
DFIN,19.21
REXR,22.20
MYF,15.38
USPH,65.55
LCNB,22.80
SLP,11.45
CONE,51.07
BIOP,3.95
PAI,14.39
MBLY,61.07
UDR,36.15
GBLIZ,25.35
NCTY,1.03
NSS,26.14
RLGY,29.85
SBR,33.90
FPXI,28.86
PRMW,12.86
UAE,17.02
GBT,37.40
VCF,14.73
BYFC,1.80
APDNW,0.41
PHII,12.28
CRTO,50.65
PJT,35.10
EOI,13.12
BWLD,151.10
HZO,21.60
GNE,7.09
FBIO,3.82
HL,5.19
GDDY,37.12
FE,31.37
EBTC,34.30
ELOS,10.60
ETN,74.20
XPO,47.43
MCS,31.75
BMCH,22.65
HYGS,6.55
DLPH,81.00
SRCLP,70.83
NMIH,11.25
MTU,6.40
SFBC,31.15
VPV,12.17
ONVI,4.35
FLGT,10.92
AXE,78.50
FHY,13.11
MTNB,2.75
COTY,18.22
DDD,14.83
CLNE,2.61
UZB,26.42
CNTY,7.49
SFST,32.85
GIS,59.07
TXN,81.04
XCRA,8.79
RCON,1.26
KODK,11.40
VGI,16.20
CDTX,7.70
BCR,248.54
FANG,102.67
ESPR,35.04
VMI,153.95
FLXS,49.06
AVGO,220.04
SPE,14.63
FC,16.05
AWI,45.20
USM,37.51
QQXT,44.79
FYT,34.04
LII,168.23
TER,30.92
OPK,7.97
ECPG,30.85
PRK,106.66
EMR,59.61
LPI,14.23
QCP,18.71
TURN,1.36
CRT,14.80
PSCE,17.86
HEBT,3.36
MIDD,136.45
FBM,16.35
NANO,30.12
RAS,2.98
TISA,1.33
CHNR,2.23
SBPH,9.10
RNST,40.26
CVE,11.29
WOOD,57.61
AEIS,68.34
SAEX,5.76
CTHR,1.00
ENIA,10.50
FCFP,12.85
EQM,76.89
NAUH,2.54
EMI,12.99
JKHY,93.92
CPTA,14.17
APF,15.37
NGL,21.75
PCTY,38.83
MTBCP,25.41
TDW,1.02
GALT,2.03
SIM,13.04
PCO,6.43
LGCY,2.11
PLG,1.60
UNF,141.05
HSIC,170.83
KSM,12.36
FTI,32.18
DAIO,4.99
PXS,2.21
ICLN,8.50
NNDM,6.72
AIMC,38.75
FNGN,42.60
ORM,17.44
ACN,120.52
BKE,18.65
FUEL,5.23
TRNS,12.60
UBNK,16.83
PED,0.10
ALLE,75.86
BRKL,15.65
GRFS,19.03
AOD,8.27
RAD,4.42
AXARU,10.10
CYCCP,6.30
NAC,14.35
DCIX,1.36
EEFT,85.37
NTN,8.43
CWEI,131.79
SHLX,31.96
BBRG,5.10
GAINN,25.64
MBRX,1.08
CEN,12.36
ICCC,5.43
DNOW,16.61
HCP,30.99
BBGI,12.45
UVV,70.85
TGP,17.70
GOL,25.93
WWD,68.33
RFP,5.40
CMG,443.92
ZEUS,18.60
AWRE,4.75
ARCH,68.91
LAKE,10.80
MIII,9.80
EARS,0.93
CTRP,49.69
EDR,40.47
SELF,4.75
TY,23.14
DMPI,4.31
FTXR,22.78
FEM,23.01
INB,9.13
IAC,74.21
PHK,8.70
JNJ,124.66
SPKEP,25.96
EVOK,3.09
VCO,33.60
MYL,39.59
RSO,9.78
CUBA,7.02
CYBE,25.60
NCV,6.72
MPCT,51.59
CORT,11.38
FNLC,27.27
HTGM,7.31
THQ,17.26
NGHCO,24.97
CFR,89.41
TOWR,26.55
LDL,52.10
ACAD,34.10
PACB,5.17
GRVY,21.00
FIS,80.05
TBI,27.25
PRSC,44.26
VGLT,74.34
JPC,9.81
CHK,5.85
CCA,11.50
VTTI,19.00
INNL,1.13
HTHT,62.40
RBPAA,3.96
CCD,19.13
GFA,19.90
AGM,58.26
MPWR,91.93
GSK,42.48
PGR,39.48
LBY,14.53
GWW,233.86
HMNF,18.35
BAX,52.25
IPDN,10.14
USLV,16.11
RF,14.68
PXI,38.44
KW,21.65
CREG,1.51
ALDX,5.05
FSAM,4.90
PSTB,12.21
NCOM,38.00
EGIF,16.92
BMLP,53.06
ABEO,5.00
BCRH,19.45
ENO,24.72
RGR,52.70
NR,8.00
JNPR,27.70
BDN,16.18
GF,14.66
BGG,22.06
NTIC,18.20
MCV,25.33
HRMN,10.21
XKE,8.04
MATW,66.40
BGCP,11.26
COLM,58.88
RDCM,21.50
AYX,15.03
AXAS,1.94
POPE,71.89
CHDN,158.70
SMTX,1.40
YTRA,9.48
PNBK,14.74
PPHM,0.67
SILC,47.90
DST,122.49
HSON,1.28
ECT,2.13
OBCI,4.80
RDIB,18.48
SSH,1.79
BHP,36.90
WSR,13.66
VSLR,2.80
INVN,12.69
CVEO,2.92
ISM,25.40
DD,81.64
YUME,4.10
BFIN,14.56
GLPG,85.98
KEQU,23.10
JMF,13.51
GCP,33.20
HUN,25.07
EMF,14.08
PRTO,1.75
GTY,25.22
MELR,16.75
PJC,64.30
AAON,35.25
ITUB,12.16
TPX,46.29
ECA,11.51
KOP,42.20
OMEX,3.92
ADMA,4.95
CNAT,5.92
FSS,13.78
DRAM,1.22
WEBK,26.00
BEBE,3.92
ERIE,121.38
FTXG,20.69
JE,6.30
DHG,14.63
TROW,68.21
SGB,22.75
CPF,31.06
QUMU,2.77
NPK,100.70
DCUC,50.26
PLAY,61.88
ARR,22.85
GSHT,10.00
BTI,65.98
I,4.27
EGO,3.48
EIO,12.81
PDI,28.72
CZNC,23.44
BTEC,26.69
MAV,10.96
ORMP,6.13
GPIAU,10.10
BOKFL,24.12
MRCC,15.69
MRVC,10.20
RGNX,20.00
STML,8.35
INST,22.70
ENLC,19.20
AVEO,0.60
HRTX,15.25
CHKP,103.12
PAYC,57.19
IEP,50.88
SIX,59.70
EAE,23.44
IMOS,17.99
TELL,11.41
GAM,33.47
KPTI,12.78
CART,8.00
SON,53.38
PGH,1.03
PLD,51.18
MACQ,10.07
BOBE,64.63
PLNT,19.47
LCII,100.05
WTFCW,45.15
VBIV,5.43
CTSH,59.24
MASI,93.72
NXTD,1.87
CORI,4.09
RTEC,22.10
RAIL,12.99
IFGL,27.38
DRYS,1.64
EXTN,30.93
CXO,127.72
NEWT,17.06
ROIAK,3.25
MUA,14.17
TWI,10.26
AXGN,10.15
SAVE,52.19
DSWL,1.93
TCPC,17.27
APT,2.65
PIE,16.58
MCO,111.62
AFC,25.76
LTRPA,14.05
NRO,5.27
CBMG,12.10
NRZ,17.03
ATLC,2.65
NBY,3.90
REED,4.00
DIT,99.05
DGRE,23.47
JPI,23.97
SYK,131.95
SFLY,47.67
MARA,0.95
PVG,10.78
TSN,61.64
KIM,21.96
SSTK,41.29
LMB,13.98
LYV,30.08
PHO,26.01
ODC,37.61
RTIX,3.85
GGO,18.00
DXCM,85.03
TTMI,16.23
UNXL,0.90
FFIC,27.15
CLLS,24.03
MBCN,43.15
JEQ,8.03
ARTNA,32.56
RESN,4.86
PNF,12.46
FRP,17.13
BEAV,64.49
VMC,117.69
LTEA,3.98
WMGI,31.15
WBT,19.59
OMAA,22.97
ECYT,2.42
SPGI,129.40
ETO,23.11
KRO,16.64
AGTC,6.85
BBN,22.45
ESND,14.62
COHU,18.29
EFOI,3.27
CCV,25.72
NJR,39.50
RESI,15.26
ONEQ,232.76
COKE,203.75
HYT,10.91
CYTX,1.60
TXT,47.32
CMD,79.41
RZA,28.41
AMCN,2.55
RMBS,13.04
BOLD,17.33
ANAT,117.25
DTQ,24.65
ON,15.42
ABCO,46.70
BAK,20.08
NGS,25.85
STPP,34.69
PYZ,61.44
CMO,10.48
DF,19.57
FPI,10.93
GEVO,1.05
FONE,46.29
VSM,30.48
CPA,111.22
DRWI,1.45
VLY,11.87
PEGA,43.95
PG,90.20
CYAN,4.00
SSW,6.70
OXFD,15.48
GSM,10.37
XOXO,17.06
BKEP,6.65
HNR,6.74
MTR,13.15
BMA,84.45
BWP,17.69
NAO,1.10
ENRJ,0.37
PIO,22.53
AAME,4.00
NI,23.59
CCP,26.63
GPI,74.86
ISP,25.51
COLL,10.79
RILY,14.95
ASPS,36.85
MG,21.00
FDX,194.17
DY,93.04
BYSI,19.79
TCI,17.60
THRM,38.70
KLAC,95.64
PRQR,5.05
MSTR,188.29
SPRT,2.23
DX,7.07
LPX,24.46
FIG,7.93
NWN,59.15
WIT,10.27
FCO,8.52
NHC,71.65
MPV,14.10
MMI,24.44
DAX,27.15
EIX,79.49
NRCIA,19.35
ABIO,2.55
AKTX,6.98
PMT,17.68
CDEV,18.06
SBSI,33.77
AQXP,16.96
ATRI,467.50
WB,52.47
PAM,55.00
MFT,13.86
FAAR,29.02
CHSCO,28.96
HOMB,27.54
MTLS,8.92
QTNT,6.56
LECO,86.82
SCSS,24.54
CMU,4.60
GNC,7.34
AFB,13.32
LYG,3.40
YUM,64.02
FSCFL,25.15
AKR,29.90
NLST,1.00
PTNR,5.28
QSII,15.17
ATLO,30.55
AHL,52.20
USNA,58.35
CUNB,39.70
HDS,41.10
ERC,13.28
FEMB,42.51
ACM,35.62
ADAP,5.31
NVAX,1.26
RIF,20.65
SHLO,13.17
CNBKA,60.80
SIF,8.32
ARGS,0.38
INS,4.50
FDS,164.43
BCPC,82.68
MLI,33.96
BXE,0.79
MTFB,5.98
EVAR,0.76
WPPGY,108.01
ACBI,19.10
PARR,16.26
LMNR,20.70
QRHC,2.32
THLD,0.53
BOX,16.33
MA,112.67
PAYX,59.13
CEV,12.25
EEP,18.60
EQBK,31.63
TTP,20.95
PFGC,23.45
LOW,82.30
NYCB,14.24
AIQ,10.25
GMO,0.51
SPLS,8.74
GGN,5.58
CETX,3.60
VHC,2.25
AVH,7.74
ABR,8.33
LZB,27.20
SABR,21.54
METC,10.49
LSXMA,39.19
HBIO,2.65
TPVG,13.88
OSK,68.66
OBAS,8.80
AXR,6.18
AYI,206.56
CCIH,1.48
ATRS,2.74
NP,74.00
WIA,11.42
AMBC,18.63
FV,24.11
SNOW,24.70
DISCA,28.70
NTIP,4.75
TCO,24.71
LVLT,57.06
HDNG,11.12
IOTS,4.15
HEP,34.27
QCRH,42.40
SMRT,2.96
SFR,33.98
MEIP,1.62
CLSN,0.29
BATRK,23.51
ENB,41.29
HT,18.64
GAINO,25.93
HUSA,0.26
SOR,37.51
CNET,1.12
IBKR,34.84
CZWI,13.88
HALO,13.03
CTXS,84.11
FLAG,38.87
AHPI,1.97
VRNT,44.05
SSYS,20.29
WCN,87.86
SEMG,35.45
TKF,8.29
HIMX,8.71
GCBC,23.20
NERV,8.20
POLA,8.06
EXD,11.05
WMB,29.06
NBIX,41.78
ICON,7.43
JBL,29.06
WEYS,27.93
SA,10.95
EQT,60.68
EOG,97.17
HRC,71.01
BUI,19.66
INSE,10.45
UMH,14.98
BCO,53.30
TCCA,25.42
GZT,10.49
MZOR,29.87
TPL,278.50
ROSG,2.79
CACQ,15.05
FFG,64.55
CHMT,33.25
TRIP,43.31
CUI,4.85
MSCC,51.49
IVZ,30.72
CYCC,3.42
MTGEP,25.84
QPAC,10.00
IMPV,40.90
WBB,20.88
LILA,22.58
EVHC,61.38
VEC,21.90
ESGR,190.10
INF,13.14
MRT,11.13
BAA,0.13
KAP,25.57
NAVG,54.20
HTBX,0.87
FIT,5.84
NADL,1.79
RSG,62.82
MVF,9.66
WNRL,25.20
TRMK,32.07
RAVN,29.00
NVET,3.94
GALE,0.64
ETM,14.00
BIDU,172.36
VII,0.37
PMO,12.09
RXII,0.84
DCA,4.34
VSEC,40.31
CLVS,62.80
BGY,5.78
FLWS,10.25
PTH,53.31
CUB,52.30
MB,27.55
LTS,2.46
CYH,8.92
WIX,65.85
BITA,25.26
PBI,13.00
G,24.74
GWR,68.10
TEL,74.87
RETA,22.70
BDSI,1.88
ISBC,14.35
FORM,11.63
FITBI,28.63
CPK,69.20
DGICA,17.36
PRFZ,116.23
DPW,0.79
GUT,6.72
CIB,40.34
PZC,11.77
CECE,10.63
JTA,12.23
BLRX,1.15
SOJA,26.29
ESEA,1.46
PNM,37.00
UBA,20.46
KEG,23.09
BIB,48.36
CHUBK,15.59
LPCN,3.90
IPGP,119.92
SRSC,1.40
LLNW,2.59
PLOW,30.80
CLWT,3.80
WHF,13.78
BTE,3.44
GIG,3.08
CEO,120.49
HFBC,14.83
FENX,1.60
JONE,2.65
DTF,14.86
PBR,9.58
TCP,59.00
SHAK,33.44
VIAB,46.36
MNTA,13.20
COE,19.12
REX,87.15
GILT,5.11
ULTI,194.54
PFBX,14.80
TMP,82.09
ZEN,27.55
BDGE,35.65
EBS,28.87
TCFC,35.85
ENZ,8.19
FSTR,12.90
FLR,52.70
ATOS,0.79
AMED,51.54
XCO,0.63
BJRI,39.75
HPF,20.96
AMZN,876.34
JHI,16.92
SLTB,24.34
USAT,4.15
TIER,17.14
FBSS,17.95
MRCY,38.92
PBCT,18.41
TSRO,150.86
IKGH,0.29
ZIOP,6.45
JAZZ,145.68
BMTC,39.80
QTM,0.86
XNCR,23.38
NTC,12.25
PTC,52.47
HURN,41.75
JFR,11.46
SOL,2.37
PBMD,2.45
KNX,31.45
BLBD,17.15
OASM,1.91
LSI,81.90
BGC,17.90
DWIN,27.85
TVC,25.20
ACGLP,22.52
DDR,12.50
NTX,14.22
LEXEA,46.42
FTSL,48.40
ADRU,20.59
PNRG,50.00
CBAY,4.29
ATRO,31.63
BMY,55.36
ACSF,13.75
CLRBW,0.26
COWN,15.10
NOK,5.33
MSI,84.87
MTH,36.65
CDNA,1.55
BKH,65.55
ZBRA,89.56
B,51.06
FOF,12.36
SR,67.25
SNAP,22.23
GPX,25.05
FLEX,16.79
NVMI,18.62
ASML,132.63
MCFT,16.25
KMB,132.24
BBDO,10.38
ARLP,22.20
FRAC,14.51
WINT,1.15
TGI,25.40
CTRV,1.74
SRCI,8.37
GLMD,4.71
THST,2.29
VECO,30.05
DPS,97.34
GRMN,51.09
VGR,20.76
ADVM,2.70
SCLN,9.70
FSC,4.56
HBCP,33.99
PCK,9.78
EMMS,2.47
FORD,1.14
EQCO,25.10
HALL,10.95
ENDP,11.06
KAR,44.20
DNP,10.76
CTIB,5.64
PIRS,2.72
ATU,25.95
TAYD,13.96
KFRC,23.70
DSS,1.20
PDS,4.64
XXII,1.25
FTW,34.86
JSML,31.13
BV,4.35
NQ,4.10
CZFC,18.05
TMK,77.17
NYLD,17.60
PF,57.54
DKT,26.45
SPA,21.42
BSTG,0.37
NRT,7.16
DLNG,17.58
BEL,12.30
LADR,14.64
ADMP,4.25
CECO,8.71
TAX,14.40
HRB,23.19
P,11.72
XOG,18.07
NEN,67.20
LBF,8.51
DGII,11.80
TCRZ,26.00
CYD,18.27
VMBS,52.41
CSV,27.04
TRP,45.95
FNF,39.15
JBHT,91.90
SHOO,38.45
CSWC,16.74
ADXS,8.06
TOL,36.39
EVG,13.92
MPB,27.25
LOXO,41.83
LTRPB,13.90
SGQI,27.69
BORN,1.14
QRVO,69.08
DQ,18.92
PERY,21.76
ZNGA,2.88
RGCO,21.54
MRK,63.45
CRTN,0.81
NWBI,16.94
IRWD,17.77
IMUC,3.14
MSFG,33.19
PY,28.50
SUN,23.56
THM,0.53
HCI,44.95
MMSI,29.23
CNNX,22.34
APO,23.99
GBDC,19.72
CRDT,74.38
III,3.11
FMBI,23.86
FTXH,19.90
ONS,2.70
TARO,120.35
MGA,43.65
HRG,19.17
SRAX,2.48
SGMS,23.00
XRAY,62.65
SAIA,44.40
SBBX,23.75
MAS,33.82
CANF,1.92
IPAS,1.17
KMM,8.68
UG,14.90
APLP,16.94
CAMP,16.60
MIRN,2.11
LNT,39.57
MEOH,48.20
VSTO,20.08
SSP,23.26
BRT,8.30
NMR,6.35
AAAP,40.00
SYN,0.64
REV,27.95
SB,2.32
TRVG,12.88
CBPX,24.65
MERC,11.80
AFSD,25.40
WYIGU,10.46
ZIV,60.85
MDLY,8.30
DVA,68.50
TM,110.06
AZPN,58.91
IBCP,20.90
KHC,91.10
CAFN,4.20
KOSS,2.16
LLIT,1.53
AMN,40.10
TOWN,32.95
INTC,35.75
CQP,32.07
GLBL,4.80
KYN,20.56
SSWN,24.96
SWK,132.64
EQIX,397.14
RVLT,7.59
GNCMA,21.52
AVIR,0.66
MJCO,5.15
FTV,59.62
FBR,8.67
CDW,57.38
PYPL,43.54
BKD,13.19
USAS,2.88
IGI,20.33
EIG,37.85
MHI,11.59
GPM,8.09
WG,2.67
WMAR,9.42
SAL,39.35
BVN,11.95
BYD,21.71
PBYI,37.50
TPIC,18.29
ISL,17.56
FSV,59.87
BKEPP,7.94
FEYE,12.82
AOI,12.35
USAK,7.31
UTF,21.46
IMMU,6.54
CWST,13.94
DGLD,50.72
IHC,19.40
SRNE,4.00
SCI,30.59
SKY,9.17
BHK,13.33
GHL,29.25
FRME,39.63
ATTO,9.00
SLMAP,51.35
PFBI,20.38
MDIV,19.47
PTY,15.66
QABA,50.96
FBK,34.67
ICD,5.31
CBB,17.85
USATP,22.20
DLTR,79.44
FFBCW,17.50
FT,7.02
XXIA,19.65
MDP,64.40
LRN,18.65
MRC,18.19
FOR,13.75
ISDR,10.50
ACOR,26.75
WMGIZ,1.54
GEOS,16.06
RGA,126.50
LUNA,1.73
EVH,21.60
CHMI,17.09
HSGX,1.75
KBAL,16.40
FCPT,22.44
OPOF,30.25
BFS,61.54
ICBK,29.05
SITO,2.67
WMC,9.90
CHS,14.48
SIRI,5.21
TNXP,4.64
EGY,0.90
CYRN,2.00
SQNS,2.78
TDY,127.10
OMAB,43.40
MCRI,29.64
WFM,29.27
TEN,62.85
VIIX,26.20
AWP,5.69
OVLY,14.05
IBB,293.39
NEWTZ,26.53
SCX,10.60
HELE,94.20
VTA,12.22
IPHS,54.14
WDR,17.00
BPMC,39.62
WVVI,8.00
ENTA,31.31
NXN,13.64
EFX,136.56
SFBS,36.44
TROVW,0.14
FIXD,50.14
NAME,9.89
NVDQ,7.64
VER,8.48
HOTRW,0.07
KOOL,3.34
UIHC,15.77
CYAD,25.50
ENTG,23.00
EFF,16.79
CCMP,75.81
IRDMB,336.00
CLIR,3.85
BNSO,2.59
LFC,15.44
PCQ,16.24
NOAH,25.90
MNE,13.59
RNR,145.54
QLYS,37.60
LFGR,7.60
INVA,13.82
BXP,131.38
SACH,5.27
IMI,0.97
LND,3.81
CHCO,64.78
ETJ,9.08
MPO,18.31
HFC,28.10
OSTK,17.10
RY,73.38
OREX,3.89
ROST,66.61
ALV,101.36
CXRX,1.62
MCF,7.25
ACIA,57.86
GGZ,11.41
ENZL,42.04
CQH,24.20
PFG,63.11
SBI,9.58
FNY,33.34
CUBE,25.54
CRC,14.34
SRRA,1.56
CMPR,85.18
AA,33.49
CII,14.31
ESGG,83.54
WALA,25.03
NUVA,75.32
PTR,73.66
MYI,13.97
DXPS,23.96
BLK,383.04
BWXT,48.10
CAMT,3.72
CDXS,4.70
ZFGN,4.60
ARLZ,2.18
AMRC,6.10
VNCE,1.50
ROK,155.38
EMCF,29.50
SAJA,3.48
BKMU,9.55
TPZ,21.92
IDA,82.95
QCLN,16.74
RBA,32.70
BKFS,38.35
GENC,14.90
GKOS,51.27
EC,9.27
TCBK,35.55
JSMD,32.55
JAX,9.85
NEPT,1.01
APPF,27.50
ENPH,1.35
WIRE,45.50
CMA,69.13
WDC,83.75
CNX,16.21
CHRW,77.65
SNSS,4.10
TCON,3.80
ARNA,1.47
SID,2.92
MGEE,65.40
FMN,13.83
ROKA,3.49
CEM,16.55
NC,70.20
PSF,26.45
SBLK,12.00
SRT,8.79
NHA,9.75
BPY,22.39
TAHO,7.95
SGEN,63.06
DAL,46.27
FGM,39.36
AGND,43.71
GWGH,11.24
GOODM,25.18
RELY,2.70
SCZ,54.18
CLMT,3.75
RUBI,5.69
PFIS,41.16
UBFO,7.50
KBWD,24.14
PSCI,55.41
CS,15.08
HTGC,15.37
PRI,82.20
CARZ,36.41
ANCX,29.97
JSD,17.89
SND,16.01
TRI,43.46
PFL,11.14
CBI,30.65
SCHL,42.32
PRTA,55.43
DXTR,1.10
NNVC,1.11
FWONA,32.29
UBS,15.96
NWFL,38.99
HEQ,16.72
PSCU,48.59
FB,142.41
APRI,2.24
PIZ,23.32
SBCP,20.86
LAZ,45.85
LDRI,24.87
NRK,12.93
HMST,28.20
TRN,26.66
JNS,13.11
ALB,105.14
CCLP,9.44
MITK,6.60
IO,4.75
XL,40.14
VOD,26.45
NAN,13.52
PXLW,4.73
DMRC,26.30
NPN,15.72
GLOP,24.35
WTW,15.46
BZH,12.10
RLOG,0.69
MXL,27.98
BJZ,15.05
CRM,82.56
TPHS,7.52
CVV,10.75
STAF,0.78
MCX,25.93
ESNT,36.01
WHR,170.15
MFO,25.74
CTLT,28.51
HST,18.54
WHLRW,0.04
GGAL,38.47
TS,34.20
OTIV,1.69
TCS,4.37
GWB,42.52
RH,44.95
SEP,42.91
QQQC,23.08
SLG,105.16
PTLA,38.90
EDI,15.41
GLOW,0.28
OGE,35.17
GLO,10.21
TIVO,18.75
IVR,15.37
QSR,55.96
CCCR,1.00
NTRA,8.93
MMD,19.15
GM,35.41
VRIG,25.11
PAG,47.66
EFT,15.14
AMBCW,9.50
JP,9.05
SVT,11.11
EVTC,15.70
UMBF,75.89
RGT,8.80
WD,41.86
ISHG,78.64
HEES,24.29
WIW,11.13
SRET,15.01
GPL,1.63
RCG,1.26
COLB,39.34
IOT,8.35
GBLI,37.68
KMT,38.73
HIIQ,15.95
BVXV,6.21
TBK,26.40
ISSC,2.99
BSPM,2.30
COMM,42.09
ALR,39.73
BMRA,1.98
DFNL,20.87
RVSB,7.29
DVN,41.45
GRBK,10.00
LGI,14.99
NWPX,15.60
LYB,91.27
AF,20.70
KB,44.46
PNW,83.28
QYLD,23.27
BHLB,36.15
STRS,26.75
MYD,14.36
BOCH,10.92
IIIN,36.09
KYO,56.51
HLT,58.77
SPR,58.96
UAM,9.98
TX,26.15
NBL,34.31
CHSCL,28.64
WPRT,0.99
CPHI,0.26
TRUP,14.17
FORK,3.13
NWL,47.36
VSTM,2.21
NFBK,18.15
NE,6.21
CDTI,2.71
UCP,10.20
PAVM,5.06
SWFT,20.42
ATRA,20.15
TCCO,2.70
USFD,27.78
STDY,3.95
GMZ,10.50
RLJ,23.38
JRVR,42.18
JOY,28.29
DSLV,21.17
IPWR,3.18
MGNX,17.61
COMT,33.39
VWR,28.12
OSIS,73.10
KMI,21.43
JBN,15.50
HMC,30.65
FSI,1.44
CALA,11.60
DLBS,18.96
ERS,6.26
CTWS,52.77
SINA,72.72
VCYT,9.05
TWOU,38.71
CTR,13.45
GLOB,36.40
AGNCB,25.91
UN,49.86
PRGX,6.30
EVBN,38.10
LOGM,98.10
DFRG,18.05
CGEN,4.25
CDK,64.80
BSET,26.00
NIM,9.86
CP,148.00
EQFN,10.25
GXP,28.93
ATHM,31.94
WAB,77.26
JBT,88.00
ITCB,13.40
DXPE,32.74
PSCT,72.89
FTD,19.90
CTV,25.35
CRUS,60.66
PZRX,1.48
FORR,38.80
GS,231.22
AYA,17.15
ZION,42.38
OCLR,10.13
FIVN,16.16
CSS,25.22
CCC,14.30
EXPE,129.46
SEED,2.04
PFIN,6.93
DPRX,1.30
HYI,15.35
CBK,1.48
NBTB,37.94
CAVM,71.47
RFT,24.24
CWH,31.29
MORN,77.96
TVE,25.00
MDT,80.99
ACST,1.32
AIZ,95.44
PFS,26.00
RTN,153.16
PBIB,9.58
INSY,10.99
PZG,1.62
JCS,4.33
O,58.93
UHS,125.66
EGAS,12.60
WAIR,11.45
SPN,13.79
GNW,4.11
SNSR,17.90
SMED,4.61
PICO,13.90
ORAN,15.61
EFC,15.80
NEE,128.13
BHL,13.71
EXG,8.53
AMAG,22.95
WPZ,40.16
TMUS,65.13
BBC,23.15
LITB,2.77
WYY,0.69
PYT,21.45
EDBI,28.93
IDTI,23.66
NSTG,19.82
LLEX,4.00
WLK,65.65
RBCAA,35.17
TWX,98.04
IKNX,9.62
MBTF,11.25
PGC,30.00
AUDC,6.92
AFI,18.34
AAPC,10.26
HBK,15.35
MFSF,31.20
TAST,14.00
DFT,48.65
DL,10.31
CNDT,16.76
PSA,219.40
DGAS,30.36
HCHC,6.08
LCAHU,10.65
TCB,17.07
MULE,23.71
EVR,77.70
STRL,9.13
TVIX,33.84
NGVC,10.34
DWSN,5.65
NXP,14.00
ENG,1.85
URBN,24.46
REI,10.04
ROP,208.93
CIE,0.56
CWAY,17.59
BOFIL,25.78
NGHC,23.59
BGI,1.44
CBAK,1.23
MKTX,185.94
CRVS,20.66
AVXL,5.76
RL,81.90
IDSA,1.66
CHSP,23.66
MATR,3.45
CPS,110.51
SCVL,24.83
AJRD,21.50
TESS,15.40
HOLI,16.89
MINDP,23.44
INOD,2.20
FHN,18.87
CASM,1.43
SMM,13.19
ERIC,6.56
ALEX,44.24
MTP,2.76
WPX,13.01
PBPB,13.75
AZN,31.17
COUP,24.99
SCG,65.55
CLI,26.78
UNB,42.10
HWKN,49.10
NBH,14.86
EVC,6.10
TWTR,14.92
PSCH,79.95
TEO,22.75
PRSS,3.10
PPH,55.46
PTX,3.70
EYEG,2.43
PYN,9.66
ONP,1.00
VVI,44.80
LHO,28.94
JHA,10.15
CPT,80.52
UNTY,16.70
AZRE,18.31
IRIX,11.98
CNA,44.26
CAA,37.50
MLHR,31.50
AIMT,21.76
NAT,8.15
FTS,33.06
LPTX,8.46
AWF,12.60
EHT,10.08
TSO,80.64
MTN,190.03
TUSK,20.63
MCEP,2.32
CAKE,62.93
PSIX,9.33
CMCO,24.94
LODE,0.23
VBLT,5.40
IMMY,4.22
EEQ,18.06
MBI,8.43
NSAT,10.05
GRID,41.60
TTEK,40.45
LMHB,23.35
BKCC,7.48
WTFC,70.41
LKFN,43.28
FSLR,27.47
IDLB,26.10
EVY,12.78
LBTYK,35.08
HLF,58.57
CGIX,3.80
FTXL,25.03
EML,20.65
PFN,10.05
VBF,18.92
ESNC,0.56
VMM,14.70
GATX,60.74
AVB,183.32
TRHC,13.46
HBMD,17.55
CLA,25.30
UFI,27.83
VIVO,13.65
CET,24.00
XNET,4.05
YTEN,0.40
BBBY,39.93
NBRV,12.00
SHOP,69.05
AGC,6.09
WBAI,13.27
HPI,21.10
BLL,73.62
CEE,21.09
FTXO,26.28
CVLT,50.65
CAC,44.52
BCLI,3.87
AGEN,3.84
IPAR,36.85
INAP,3.78
NXRT,24.01
D,77.41
YORW,34.20
MACK,3.06
GJS,18.80
YECO,0.90
SGMA,5.09
MUSA,73.02
NTB,32.15
BHV,15.75
ALOT,14.70
GSIT,8.66
BRG,12.23
TLK,31.14
MUJ,14.25
AEP,67.16
IDCC,85.85
SKM,25.35
SP,33.65
ALN,0.56
BLDP,2.18
FTAI,15.06
SCS,16.40
LIQT,0.36
AEL,23.65
MCRN,18.33
AMAT,38.89
ANSS,106.77
VONG,116.77
ESSA,14.55
ARE,109.82
YHOO,46.62
ORRF,22.35
NXQ,13.39
ALOG,75.60
TLRD,15.31
TLLP,53.57
TITN,14.71
GLOG,15.25
APVO,1.96
CENTA,34.83
PMC,23.30
BOH,82.98
TLI,11.38
MTDR,23.43
GDO,17.41
KBWP,57.15
BDL,24.73
LANC,129.07
LEA,141.35
SODA,47.82
NAP,11.66
SYNL,12.85
ABCD,4.95
STX,47.12
GLDI,9.48
MPEL,18.49
HUM,206.87
CPG,10.87
HMTV,11.90
AI,13.99
FL,75.37
MKSI,68.85
PRAN,3.40
EYES,1.27
ZOES,18.32
PHF,7.74
LANDP,25.66
BGT,14.41
YRCW,11.08
ITRI,60.65
WYIG,9.96
GIII,21.69
KBH,19.99
WBKC,33.18
MMC,74.11
AXTA,32.12
FMC,61.50
CFFN,14.66
NVGS,13.75
QTS,48.36
PSC,27.76
EAGLU,10.48
ARU,25.70
NAZ,13.76
CO,6.55
SANW,4.85
AFL,72.32
MICR,4.03
HJV,15.40
DXLG,2.85
APU,46.49
AMRI,13.69
EBAYL,26.26
PLT,54.00
TDS,26.40
STFC,27.57
RE,234.89
AIRT,20.17
JELD,33.05
DXB,24.87
MGPI,54.69
NBO,12.46
AMS,4.20
MOCO,22.00
EGN,53.83
BGH,19.73
TWMC,1.75
NSEC,16.04
BLX,27.94
AG,7.90
FTXD,19.68
CLB,114.07
TACO,13.36
PMX,11.43
SIFY,0.89
XRX,7.38
GDEN,13.37
GMS,35.12
DRQ,53.85
FELE,42.20
CVO,5.03
PRO,23.69
LMRK,15.00
CSIQ,11.81
CMFN,10.15
TRIL,6.00
YUMA,2.30
ETY,11.10
SJW,47.73
PFLT,13.89
MGI,16.89
HZNP,15.01
BPOPN,24.42
POL,34.13
IOSP,63.80
DWAS,40.65
BP,34.52
THC,18.18
RRGB,57.55
AMRS,0.53
FLIR,36.58
MDLX,24.70
BL,29.43
VIVE,6.10
FAB,51.74
INO,6.54
TTGT,9.01
OIA,7.52
SBGL,8.79
HVBC,14.00
HNI,45.02
ARD,22.02
MNGA,0.45
ALSN,36.11
ATVI,50.19
OFG,11.50
TNET,28.59
WAYN,17.80
UPLD,15.50
SRV,13.82
DVAX,6.05
MUC,14.12
RTNB,6.51
SCM,14.38
UVE,24.30
EGHT,15.25
IVAC,12.50
ZGNX,10.75
OGS,67.85
KBWB,48.00
TNH,96.34
DWAT,10.74
QVCB,19.88
BKS,9.20
HPQ,17.65
ANIP,49.65
ROIC,20.85
SCD,14.02
WCC,68.80
CAPNW,0.11
PSMT,93.60
CHCI,2.25
FCVT,27.00
AHP,10.45
MSP,12.14
SPOK,18.65
INBKL,25.52
UEPS,12.25
GECC,11.27
ORPN,0.80
BWA,41.96
OI,20.36
GOOG,831.50
ABAX,48.33
LUB,3.13
CRHM,8.30
ERA,13.28
ASRV,3.80
CEVA,35.35
ASGN,47.75
MCHI,50.28
ITUS,2.90
WWW,25.30
CFCB,26.23
NICK,10.93
MYOK,13.20
HRL,34.21
SOXX,136.88
WSFS,46.30
NFG,59.29
LIFE,3.55
SGZA,25.14
PUI,27.18
GGB,3.37
KELYB,20.30
BWINA,23.15
RFAP,55.60
NG,4.93
FTHI,21.34
UHAL,380.23
BANF,91.20
GENY,26.87
ACET,15.93
AMRB,14.97
LQ,13.45
ANGO,17.58
VIGI,57.55
IMKTA,44.40
CENT,37.08
SFS,12.05
HEI,87.26
ORIT,16.90
SGC,19.00
RARX,21.53
HII,202.39
SHOS,3.70
TGC,0.39
IVC,11.85
NXR,14.16
CEI,0.62
DISCB,28.80
CLM,16.08
SCKT,4.30
SGMO,4.70
VALX,26.88
PAH,13.10
TTPH,8.85
DLR,105.44
AEE,54.69
EVT,21.21
SVBI,7.10
BGR,13.76
SOHO,6.48
UTL,45.06
BANR,56.07
APTO,1.05
MTSI,46.94
NAK,1.42
AKTS,12.85
MSLI,0.92
ICAD,4.72
RSPP,40.62
SENEB,38.20
DHIL,191.13
BCRX,8.32
AER,45.91
CLNS,13.00
COG,23.24
PGJ,33.95
FWRD,46.78
GCO,56.10
GFN,5.10
MPW,12.82
VKQ,12.49
FR,26.39
EGT,1.72
KEYW,9.24
VJET,2.85
BIS,27.78
MFINL,18.70
MDWD,6.60
GEC,3.28
GVA,50.26
SAB,202000.00
WFBI,28.08
NWY,1.90
OLED,86.70
AFH,13.45
ENSV,0.28
WSCI,3.42
OHRP,0.81
EBAY,33.70
NVEE,37.15
FLC,20.98
CNP,27.51
NCIT,15.20
EMJ,12.65
MLM,211.56
AZRX,3.90
QDEL,22.61
CVLY,26.25
ALNY,51.25
ONSIZ,0.35
UGLD,10.33
LIND,8.98
CABO,626.46
PESI,3.10
WGP,45.33
TJX,79.77
BECN,48.71
NATH,62.70
NM,1.88
NTT,43.32
XENE,3.95
SRE,110.23
SAGE,64.83
ONCE,53.88
APFH,31.04
ASIX,27.42
SYUT,5.95
NDP,16.35
CIO,12.05
WBK,27.00
IRM,35.39
BSBR,8.89
ENSG,18.70
JFC,18.37
EXP,96.15
HTBI,23.45
OFC,32.78
UFCS,42.80
HTBK,14.07
HMG,10.65
XNY,1.50
GTT,24.45
INVE,7.20
NICE,67.84
SPNS,13.01
SEIC,50.28
PI,30.47
ABB,23.34
SRLP,27.00
NVO,33.79
ADC,47.86
IMO,30.56
ISLE,26.28
SXCP,15.30
GILD,67.53
R,75.58
AEY,1.91
ASFI,8.10
FCCY,18.05
ALKS,58.94
HD,146.95
SMG,93.15
CLGX,40.44
ERI,18.95
SPLK,62.64
MNOV,6.02
EDN,34.77
WRI,33.22
MIN,4.28
ABAC,2.33
SLB,77.84
DAC,1.75
VFC,54.13
PRLB,51.00
PODD,42.65
CBMX,5.75
MTBC,0.65
UAMY,0.52
TDE,25.52
GRUB,33.13
JHX,15.96
GIGM,3.11
AFW,25.50
DEPO,12.82
CDOR,10.39
MPA,14.15
KN,19.02
ICL,4.29
FCA,22.43
KR,29.20
OZRK,52.11
ITEQ,28.45
NLNK,23.12
ASPN,4.13
BASI,1.38
TSI,5.39
HRZN,11.07
WRN,1.32
TTI,3.92
JWN,46.45
MHD,16.51
SWN,8.09
PFNX,5.82
BMLA,30.31
AMPH,14.73
CVGW,60.15
ZAGG,6.95
NBW,13.91
FFC,20.45
WNC,20.20
PHX,19.15
XEL,44.31
PFO,11.81
TKAI,0.82
FNX,58.40
MAMS,6.29
GYRO,20.07
PAAC,10.33
AMOV,14.24
AMOV,14.24
RIBTW,0.20
BLKB,76.64
QUIK,1.81
NMS,16.74
GGM,22.83
OKSB,26.45
EXA,12.72
BLH,14.81
EMCI,28.48
MBFI,43.35
TFX,194.58
AMEH,9.00
Y,616.24
BNCN,35.20
TPRE,11.90
PEY,17.07
PRKR,1.98
WRB,70.73
CHCT,23.19
BGIO,10.05
RIC,7.00
TECK,22.29
CXW,31.45
NXC,14.85
IBN,8.69
CADC,2.65
ARCW,4.15
SMTC,33.85
NSYS,3.69
MCN,8.06
LM,36.37
IEX,92.91
CCF,93.00
IDN,1.98
ACY,9.80
LBIX,1.84
KEYS,36.59
WUBA,36.14
TESO,7.95
SLVO,9.12
VRNS,31.25
MXF,16.51
FFIV,142.48
RRC,28.61
BRKS,22.16
WDFC,109.00
FGP,6.13
HYXE,51.32
ADRO,10.85
SO,49.67
CVTI,18.46
KIRK,12.20
TUTT,22.12
WAC,0.93
ABDC,13.98
CPAH,2.35
MLNX,50.95
MGU,22.76
OXBR,6.30
FBC,28.44
ESTE,12.51
AVGR,1.95
MOSY,2.09
HCN,70.78
RDHL,9.48
SORL,3.26
PSCC,68.84
GPIC,9.66
CTL,23.41
LRAD,1.51
FCX,13.31
NUAN,17.26
TCRX,25.60
MDC,30.08
TGEN,3.81
IDT,12.74
MVC,8.96
CLRB,2.32
MHLD,13.90
LLY,84.76
FMS,42.07
CVI,19.88
HTM,4.13
CG,15.90
KFY,31.48
HYB,9.41
PPL,37.24
LEXEB,41.00
EMD,15.41
BAF,14.38
WIFI,13.09
GSS,0.84
PFSW,6.40
VNO,100.37
LSTR,86.15
TZOO,9.50
JMU,2.82
MUI,13.79
STWD,22.61
PEGI,20.00
GLUU,2.43
PAVMW,2.40
FCNCA,340.11
BXMT,30.95
OHI,32.99
SBRAP,25.96
MPLX,35.65
GBAB,22.36
PMM,7.28
HIBB,29.80
EROS,10.10
VZ,49.06
MMM,191.28
KRA,30.61
IIPR,17.15
TKR,45.15
CBD,19.52
DE,109.17
CL,73.23
BGS,40.65
SUM,24.02
PSXP,50.70
TNDM,1.20
LSBK,15.58
NURO,0.60
XHR,16.86
MDRX,12.67
GPC,92.34
NYMTP,23.96
JD,31.56
ELON,6.29
VAL,110.90
UNT,23.55
SNN,30.88
GSUM,13.02
ZNH,33.08
KNL,23.64
CLCT,25.57
KTN,32.96
NMZ,13.16
ASYS,5.47
FCEF,20.79
GNRC,37.51
CNOB,23.95
KOPN,4.08
PMF,13.22
EVSTC,99.97
BNJ,14.85
BLMT,28.10
UBND,50.26
RP,34.90
TEAM,29.83
NEP,33.30
ABG,61.90
SLIM,23.74
PTI,10.89
NDRM,26.30
PAHC,28.10
ORBC,9.26
CAT,93.22
OTEL,7.10
BBH,119.21
LC,5.47
CA,31.78
ENJ,24.56
ARMK,37.13
SSI,2.51
VTL,4.10
CRZO,27.62
MRUS,24.02
ACLS,18.05
DIN,54.00
MARK,3.00
BRO,42.05
CRDS,2.84
DELT,1.57
AQMS,19.44
CSC,71.15
SPCB,2.82
PAGG,25.34
JCTCF,12.05
KMPH,4.85
PME,4.67
PVTBP,26.85
QQQ,132.47
PSB,113.69
AUO,3.84
WVFC,15.00
TDOC,25.20
TRCH,1.38
SMCI,25.40
SBLKL,24.72
SERV,41.59
EMO,13.32
TRCO,37.56
DUSA,20.39
CLBS,4.87
TNK,2.09
LONE,4.89
MSTX,0.12
HRMNU,10.85
VTIP,49.41
HTLF,50.35
GTLS,34.81
FLOW,33.94
ASBB,33.90
UEIC,67.25
GGT,8.00
CW,91.44
IBUY,29.51
BBOX,8.85
FTK,12.43
GFNCP,94.50
HA,46.70
SMFG,7.42
BFO,15.08
ETE,19.42
JTPY,2.25
SKOR,50.29
NCLH,51.24
ACGL,95.29
OGXI,0.46
JASN,1.48
WAT,156.28
REIS,18.00
BBY,48.59
OCN,5.43
RADA,1.13
EVN,12.92
MFV,5.79
RCKY,11.15
SBRA,27.68
DSPG,12.30
TWNK,15.97
ATNM,1.52
XOM,83.70
TYL,153.59
AOSL,16.88
NVTA,11.15
DTRM,3.44
RDWR,16.10
CNC,72.15
CLDC,6.20
CX,8.82
FGEN,24.80
DTE,101.27
BTA,11.47
SCHN,20.30
AT,2.60
NVIV,4.05
GER,7.99
HEOP,13.39
PBSK,19.50
COBZ,16.76
BLMN,19.63
MAB,13.56
MYE,15.45
MGR,25.62
VGIT,64.19
ELEC,9.96
GTE,2.61
BSL,18.08
UUU,2.85
AJG,56.77
LAUR,14.04
FSBW,37.11
ALG,77.25
TTNP,3.40
ENBL,16.30
LENS,3.17
BPL,67.69
RT,2.81
FOLD,7.21
FRTA,19.63
TUES,3.80
VNQI,53.20
BFK,13.94
FLY,13.04
TIF,95.25
DLTH,21.59
NEV,14.02
GAIA,10.00
LSXMB,40.67
JMLP,10.34
AVAV,27.76
DMLP,17.10
CHN,16.70
CPSS,4.75
SHBI,16.78
DOX,61.61
ONCS,1.34
TUSA,29.10
FTAG,24.78
ARRS,26.41
VREX,33.34
LPTH,3.01
RFEU,56.21
PCM,10.03
NIE,19.29
STS,19.50
CDE,7.86
PDP,45.34
ANTX,50.20
SKX,27.76
JRJC,3.05
TSBK,21.15
IDE,14.61
BOFI,27.58
TOO,4.94
WING,28.20
FRO,6.83
CWBC,10.20
RUSHB,30.53
NBD,21.48
WAFDW,16.66
VXUS,49.82
SSN,0.56
MFG,3.75
FNK,33.53
ETG,15.68
CIBR,21.67
SNP,82.42
IPB,26.69
HY,55.85
WWAV,55.65
FHB,30.27
TISI,27.90
JHS,14.11
RST,9.74
HLX,7.54
LAYN,8.88
AGR,42.69
FRD,6.57
GLQ,12.33
SOFO,5.10
MEDP,28.30
CERU,0.84
PWOD,44.24
POT,17.21
VBTX,28.37
RBCN,0.86
ARDX,13.00
OPHT,3.59
PTGX,13.41
MXPT,6.30
MNTX,6.70
FNB,15.07
CVRS,1.32
CNS,39.67
SBNB,25.16
HF,27.46
CHI,11.00
PKY,19.33
NHTC,28.78
GNMA,49.63
EME,63.06
SC,13.42
LFVN,5.38
KINS,15.85
INBK,29.85
RNVAZ,0.02
GPOR,16.89
STZ,162.44
TTD,36.73
VOYA,38.07
INOV,12.28
FCCO,22.40
ISTR,22.30
TVIZ,21.29
IIN,9.10
SUI,79.55
MILN,16.50
FRA,14.51
MMS,62.35
VRS,6.00
HTA,31.18
INFU,2.25
HAS,99.58
MAN,102.96
JNP,4.70
GSBD,24.51
ZSAN,1.92
CFCOU,10.68
JMM,7.36
HON,125.41
ZUMZ,18.40
TUP,62.66
FBP,5.64
DK,24.05
VHI,3.27
IFEU,33.58
MYN,12.90
GARS,9.70
PIH,7.90
GIGA,0.82
IPCI,2.50
BXC,8.68
TRST,8.00
GBNK,24.35
PFPT,74.12
KMDA,6.80
STI,56.08
AVD,15.85
UTEK,29.68
BKK,15.79
CLS,14.17
MAG,13.44
LMRKP,25.11
STB,5.80
FBZ,15.46
MQY,14.93
EQS,2.46
TRU,38.51
CBG,34.74
NTRP,19.21
WVE,28.90
PWR,37.12
CZR,9.50
STRP,35.01
GD,188.78
BOTZ,17.38
EXLS,47.16
UNVR,30.27
PNTA,25.42
AMCX,58.45
PBCTP,26.00
STOR,24.08
RIG,12.35
PRA,60.45
EXR,74.00
POWI,65.15
NSPR,1.01
PZZA,79.63
NLY,11.11
KEX,69.35
BZUN,14.68
ELP,10.17
TAL,102.74
MSFT,65.71
PEB,28.74
LFL,12.97
PCG,66.36
DWFI,25.06
OSBC,11.20
EXPO,59.55
WBS,50.63
ADM,46.11
PBBI,10.15
PLYA,10.13
HGT,1.90
TI,9.05
PCOM,7.47
FELP,6.54
MAA,101.78
FGBI,23.35
POWL,33.72
NQP,13.09
FCB,49.50
DUK,82.04
CSPI,10.54
PXD,182.48
PFSI,16.90
FHK,36.40
OCRX,1.28
UFPI,97.99
CMRX,6.44
EUFN,20.29
FINL,14.31
EVP,12.05
COF,87.14
CORE,30.69
RARE,67.30
CNXR,1.08
CUK,58.32
PID,15.00
NRG,18.37
SKIS,5.50
UBSH,35.46
MDXG,9.44
LCUT,19.85
DSL,20.03
CBF,43.70
NMM,2.02
TU,32.37
MANT,34.55
MRNS,1.57
DHT,4.47
ECHO,21.60
VRX,11.08
BOSC,2.10
WYNN,114.30
USG,31.85
BRSS,34.15
KWEB,42.34
KTCC,7.22
GPP,20.00
ETRM,5.79
NIQ,12.69
USCR,63.30
CELG,124.34
SEDG,15.50
ABX,18.84
KAMN,48.05
DXGE,30.25
CFO,42.69
DRAD,5.40
HIO,5.06
IGR,7.42
RIO,41.08
USLM,78.12
GLNG,28.26
CALX,7.10
FTEK,1.05
GEO,46.25
MXE,10.88
SXE,3.45
PDM,21.36
CHA,48.53
AFSS,25.00
MET,53.12
TIL,3.95
AXP,79.21
DGRS,32.92
FTGC,20.24
FLDM,5.66
VLRS,14.02
RMT,8.36
HOG,61.01
CYS,7.89
FBRC,18.15
HIHO,3.95
LION,22.29
IMH,12.51
SLM,12.31
HLIT,5.90
TEI,11.25
SSKN,0.62
OPB,19.90
RILYL,25.92
CBX,3.11
PGP,17.43
EFR,15.12
AMTD,38.90
FTR,2.13
QADB,22.55
SBH,20.35
VBFC,27.30
IPCC,95.50
AEMD,3.41
VMO,12.99
JKS,16.26
GDS,8.40
SLCT,10.90
AGFS,4.29
UFPT,25.00
COYN,0.30
GWRS,8.67
AIC,23.09
BLPH,1.49
DORM,81.51
CLSD,7.65
EAD,8.41
KRP,19.63
WES,59.88
INXN,39.05
TBBK,5.10
WHLR,1.73
LDR,48.95
GIMO,35.15
KALV,7.34
ATO,79.00
GNT,6.92
PCYO,5.50
PEI,14.99
AHC,5.90
BSTC,53.79
APLE,18.98
CHSCM,27.60
AHGP,28.68
NJV,14.76
FFKT,40.40
SYNC,4.15
PBH,55.96
LRCX,128.70
PER,3.10
NKTR,23.25
CMP,67.90
CHEK,2.14
SPHS,2.85
CASH,87.55
FNWB,15.37
CHSCP,29.92
ROX,1.50
REGN,386.18
AMDA,0.41
CSWI,36.80
ORG,26.00
SAR,22.23
BG,79.58
PSCD,52.61
OMED,9.32
CHD,50.03
JGH,16.38
DSM,8.31
MXWL,5.65
JPW,16.95
VZA,26.36
WNEB,10.25
LFUS,160.95
FPP,0.45
CMCT,16.33
SSFN,8.70
ULBI,5.45
FTSM,59.97
ALLY,20.51
IBIO,0.44
BLW,15.50
DAR,14.40
IIJI,9.01
DMTX,1.80
EVJ,12.04
KMG,44.41
CPLP,3.58
ESCA,12.85
MIK,22.64
LGCYO,9.05
SMSI,0.96
GOOS,16.41
BLFS,2.13
CST,48.32
UNAM,9.80
KEY,17.99
MTT,22.51
BSRR,27.31
FAX,4.96
NXEO,8.84
APA,52.09
ADSW,22.80
CXH,9.67
PSEC,9.04
FKO,24.94
JTD,14.77
CHE,185.58
MBVX,2.16
GGG,94.11
LULU,50.76
JLL,110.15
HTF,25.47
CRL,89.62
PDLI,2.16
RRD,11.75
BT,19.88
PDVW,22.60
XPER,34.25
KWN,25.78
JCOM,84.68
PUMP,13.08
WSFSL,25.85
CMC,19.11
EDAP,2.63
PDCE,62.10
RVT,14.01
PMBC,7.55
IMED,26.00
GOODO,25.41
KNSL,32.19
NVEC,81.99
LBIO,7.35
DTUS,31.29
CRVL,43.25
THR,20.76
MTB,156.64
VISI,6.80
UBIO,27.73
AHPA,9.88
DYNC,57.75
MZA,14.61
GTS,17.38
RMP,25.11
CFNB,15.70
ATAI,3.93
TCCB,25.99
HSC,12.70
MITL,6.89
ESLT,114.47
TSS,53.26
CME,118.85
RNDB,15.55
RPRX,1.20
AMT,120.91
NCZ,5.99
GRX,9.97
CNMD,43.65
ADES,9.47
SUP,25.17
MYCC,16.05
COOL,11.60
FEN,26.52
WPXP,58.94
KTH,32.40
NUE,60.10
GMTA,25.00
HSEA,26.84
SYY,52.02
NKSH,38.30
GEL,32.01
CPLA,85.50
AKER,2.15
CHW,7.79
VWOB,79.73
HNW,16.17
ESIO,6.78
AED,25.94
ASNA,4.31
RKDA,0.71
PTF,44.71
NAII,8.60
PSAU,19.39
MLVF,21.25
MDR,6.66
CFA,42.74
CIZ,30.65
POR,44.48
MMAC,23.10
OVAS,1.95
BFIT,15.22
PNR,62.89
VLO,66.23
KNDI,3.80
NDLS,5.35
BSFT,39.95
SSD,42.86
RGS,11.69
AVHI,16.55
VGZ,1.03
GPS,24.45
PFBC,53.97
STKS,1.67
KZ,7.40
TILE,18.65
SIR,25.56
SRCL,81.36
BDR,0.62
AIV,44.32
ACRE,13.34
BTO,34.15
DHI,33.43
MFC,17.80
AVAL,8.16
DNI,12.06
SQ,17.32
APEN,11.19
MIXT,6.51
FLO,19.47
CBAN,13.80
TGT,55.25
HSBC,41.05
WRK,52.56
STK,20.63
VSAT,63.08
CETXP,6.10
VTNR,1.09
PACW,53.93
AUPH,7.01
CFRX,1.90
MTRX,16.20
CPIX,6.98
SNOA,7.13
PZN,9.80
WFC,56.24
WLDN,31.66
PKE,18.15
DKS,49.12
VONV,100.79
ELTK,0.68
BNY,14.23
IQI,12.45
WM,72.93
VEEV,50.85
SAN,6.11
ROG,85.94
CBM,53.10
FLL,2.38
JVA,4.59
MLNK,1.84
MANU,16.80
AREX,2.52
GNMX,1.93
LMAT,24.26
AMC,31.15
OXLCO,25.54
SMLP,23.05
NVLN,10.69
SPXX,14.73
CERC,0.70
UNIT,25.49
WNS,28.69
EGP,73.20
XRDC,2.27
QURE,5.77
MAIN,38.26
VOC,3.48
AEB,24.92
CEQP,25.80
MNRO,52.30
ITG,20.03
AMPE,0.78
IZEA,4.19
OCUL,9.22
IGD,7.33
IVFGC,99.99
MNST,46.26
HLI,34.46
NEU,452.48
SYX,10.96
CCBG,21.46
TRS,20.90
FTEO,12.73
WRLD,51.60
NNY,9.67
FSM,4.90
DYNT,2.90
PFMT,2.78
PIP,0.81
EDF,15.81
CIVB,22.40
IBA,54.13
FMK,29.25
TSRI,5.10
LIVN,50.96
ZDGE,3.11
HTY,9.01
PVAC,44.44
SPPI,6.53
TYHT,5.25
RPT,13.88
SHLD,11.75
SMBK,21.07
DCT,47.44
EPC,73.49
BIVV,52.74
MCEF,18.49
HPS,18.31
WCFB,9.97
DAVE,3.94
MNI,9.72
WSBF,18.60
MUH,15.60
AAP,148.67
VSR,1.68
TROX,18.49
EAB,24.52
CCL,59.29
CVA,15.45
IF,7.27
NZF,14.37
INFO,41.63
INTG,25.20
GUID,5.89
DAN,19.15
FBHS,60.97
MSBI,34.30
WR,54.36
HMN,40.80
FSD,16.60
WERN,26.10
BHBK,17.70
SBNA,23.80
LPG,10.42
MARPS,4.20
YELP,32.52
MCBC,9.94
ITEK,2.15
BCS,11.40
ROL,36.93
GEK,25.57
GJO,21.61
VRML,2.11
SONS,6.54
FSFG,49.05
AWX,2.34
DRRX,1.01
FMNB,13.90
CTU,25.29
JOE,17.05
PZE,11.15
UNIS,1.75
PFH,17.60
ZPIN,17.22
QTWO,35.20
OCX,5.95
IMAX,34.05
LBTYA,35.70
BPOP,41.10
NVR,2098.13
GSB,3.99
CBPO,100.06
SPIL,8.13
CLACU,11.47
TRR,11.95
WETF,8.92
GRC,31.30
DPZ,184.11
CLRO,9.70
FTCS,43.76
KBSF,5.81
AGD,9.72
LEU,5.72
CCM,4.72
ABUS,3.35
EVER,19.47
EDGW,7.35
ABY,20.94
ALCO,26.35
ASET,26.45
NAKD,2.38
ASR,178.95
GSVC,4.48
SFE,12.70
OBLN,10.56
EOD,5.79
EBR,5.42
GTYHU,10.26
EDIT,22.13
ALX,428.57
CLFD,16.70
VRTSP,97.52
SDLP,3.50
KVHI,7.85
COST,167.89
CBFV,28.70
RCMT,4.75
TLP,44.46
AEGN,22.89
UBOH,20.85
PLPC,49.55
BELFA,20.25
VRAY,8.38
OFS,14.02
IDRA,2.51
HAE,40.64
NAD,13.68
DV,35.40
HOV,2.30
XON,19.72
LKQ,29.60
GLRE,22.35
NSC,114.25
SHW,310.21
GLV,13.21
FALC,0.39
TRK,19.29
MRIC,5.00
MGP,26.38
EVGBC,99.97
ENX,12.29
ADRA,29.82
CEL,10.30
SBFGP,16.85
ESL,85.80
CLAC,10.58
EXC,35.70
VUZI,6.15
XIN,4.51
SMIT,1.60
PGZ,16.96
BME,34.58
NTLA,13.75
ARQL,1.07
ADS,248.88
MTW,5.81
EMITF,3.49
RNVA,1.85
HYZD,23.85
EXPR,9.30
CASY,110.97
STBZ,26.17
CCJ,11.22
SCHW,41.14
STKL,6.80
ACFC,7.72
PFIE,1.41
TA,6.05
UEC,1.43
STE,69.48
UAL,70.78
ICHR,18.89
MAGS,7.56
FGB,7.58
PROV,18.56
GOV,20.72
EIGR,11.25
CPST,0.78
RPXC,12.05
VCEL,2.80
GNRT,5.72
W,39.90
CKX,12.20
CHKE,8.50
FTA,49.36
CUBS,26.31
STRT,27.05
HMTA,9.92
TRX,0.43
LOB,21.65
FPRX,36.77
SBFG,16.86
FORTY,39.32
GSH,30.47
CFI,31.55
RRTS,6.62
TBPH,36.34
VIRC,3.90
NOA,4.80
BWINB,24.30
SAMG,13.35
ADNT,71.51
V,89.01
CUBN,21.38
FULT,17.95
DECK,59.68
AMTX,1.27
CAE,15.27
FATE,4.52
WTT,1.44
MFCB,1.67
SHEN,28.40
TRCB,17.34
FIX,35.90
XBIO,5.44
MIE,11.04
WHFBL,25.64
PN,2.87
EMCG,22.78
WINA,113.50
JSYN,10.22
BXS,30.65
NIHD,1.20
MGRC,33.26
MEET,5.90
UNH,164.99
SBUX,58.16
AMP,129.66
DDBI,26.08
NEFF,18.95
STLR,10.18
RM,19.50
ZLTQ,55.77
KO,42.60
BBF,14.65
SXC,9.01
LL,19.75
MTEX,16.30
IBKCO,26.85
JDD,11.76
SBS,10.27
SGOC,2.90
BNED,9.68
SJR,20.74
ASTE,62.12
OSG,4.05
TNP,4.82
SLF,36.51
LOCO,12.10
BID,45.81
GLU,18.40
VBND,49.09
ABRN,25.55
MIW,13.47
NBN,15.20
ACTA,14.00
MSDI,1.28
TGB,1.34
AMSC,6.95
LTRX,3.62
ENFC,23.60
NOG,2.50
CINF,72.33
YGE,2.22
STM,15.44
FPA,31.26
FCN,41.01
CHY,11.38
IXYS,14.40
CHUY,29.80
AXL,18.89
CBZ,13.50
MIME,21.71
UTX,112.45
FCH,7.42
NSR,33.15
WDAY,83.70
CHRS,20.50
CRF,16.03
USB,52.12
CSL,106.40
SBNYW,124.00
DO,16.54
DNBF,34.00
CAAS,5.15
AST,3.45
TKC,8.29
C,60.51
OVBC,28.38
SYMC,30.65
UTI,3.42
KIN,7.10
STLY,0.80
OEC,20.30
LVS,57.03
GE,29.87
WINS,224.41
AXSM,4.20
MDSO,57.00
PRH,25.70
MTSL,0.58
INSG,2.18
YPF,24.18
KEP,20.71
NCR,45.48
WPG,8.51
KLXI,44.10
BBVA,7.57
BPOPM,22.59
ADUS,32.25
SXT,79.44
TCBI,83.40
PPR,5.42
XONE,10.14
EAGL,10.00
NEOT,1.43
ARCC,17.31
NTRI,55.80
JOF,10.88
ONB,17.50
T,41.76
HMY,2.34
PMD,19.88
WPC,61.68
OPTT,2.26
CDR,5.04
FSP,11.96
CFG,34.88
CTMX,17.26
ESGE,61.77
HBAN,13.59
HAYN,37.41
FICO,128.40
VCLT,89.77
PLAB,10.65
AJX,13.08
XELB,2.75
MPX,10.92
OLN,32.44
PPT,5.27
BANX,19.96
RGLD,69.23
PMTS,4.15
BNS,58.98
ANF,12.24
UWN,2.14
RVP,1.10
WRD,12.34
FLKS,4.55
KMF,16.10
AMBA,55.54
VNTV,64.24
VGM,12.98
SALM,7.70
HAL,49.02
WLL,9.18
MBRG,38.71
SALT,9.35
WMLP,5.20
ARDC,15.88
SEE,43.30
CVR,40.88
MYSZ,2.66
BBU,25.02
PPSI,7.30
SYNA,49.70
QQEW,51.75
GMRE,9.12
UIS,14.15
ATSG,16.00
MC,37.95
GHY,14.90
NVGN,1.38
VNOM,17.63
ATAX,5.65
BFY,14.59
FLXN,27.08
CCNE,25.29
CAF,19.00
MRTN,23.90
SSL,29.18
AUY,2.77
SQQQ,36.96
TEX,31.39
IRET,5.95
MTSC,54.65
PK,25.71
SSNC,35.53
CTB,43.85
LABL,70.30
CTRN,17.26
RCII,9.30
MLSS,1.35
FEIM,10.91
BHAC,10.22
TDI,25.37
DEO,116.11
SBGI,40.95
CLW,56.85
APC,62.17
BBRY,6.95
NYNY,24.30
CSB,40.31
TRT,4.14
BCH,73.54
GBX,43.15
AIRM,42.95
DWCH,8.25
ALK,93.66
MT,8.40
NSSC,10.20
OIIM,2.32
F,11.68
MCA,14.72
PBIP,17.96
RLH,7.00
PX,118.60
PVTB,59.00
YDIV,17.33
IPG,24.58
AAOI,55.35
HBM,7.00
CXE,5.07
ANH,5.49
FRED,13.57
BA,177.98
MGF,4.94
EBIX,60.95
AC,36.55
PB,70.63
XTNT,0.63
EQR,62.19
ANW,12.00
CC,38.16
GURE,1.76
FFWM,15.74
AXS,67.47
CPRT,62.08
FMBH,34.00
TRVN,3.75
CAPN,0.70
NDSN,123.14
HMHC,9.75
GMED,29.39
VEON,4.05
RTK,0.50
FRPH,39.40
EQC,31.27
PEO,19.44
OMCL,40.30
VRA,9.20
FDC,15.71
KTWO,20.48
CTAS,126.98
JRO,11.74
MINI,30.35
BANC,20.90
TCX,49.65
TR,37.00
CSX,47.34
GOGL,7.76
BUD,110.26
OTTR,38.15
AEM,42.27
BWEN,7.78
IPXL,12.65
CEB,78.80
RDN,17.90
DGX,98.37
PBA,31.64
PLCE,121.70
CMLS,0.32
PLX,1.27
SCACU,10.60
TLT,120.36
EGOV,20.25
KRC,71.65
SYT,88.21
OII,26.91
PJH,25.68
EMP,5.99
TGNA,25.86
CBSHP,25.87
AKS,7.23
SCL,78.24
FTNT,37.85
BPMX,0.51
ESG,55.63
VVV,24.41
ERII,8.32
TTM,35.80
PKD,1.70
CVRR,9.35
BATRA,23.71
BBW,8.80
ISR,0.61
FONR,17.60
MXC,3.95
MU,28.97
TWLO,28.62
STC,43.67
ISF,25.66
DSKE,10.11
NPTN,9.10
GIFI,11.55
PRGO,66.93
VLGEA,26.45
HNNA,16.84
NGHCN,24.97
ATOM,7.01
HBANP,1367.00
HSY,108.90
FNV,64.99
MNP,15.10
GBL,29.37
EGF,13.20
GLPI,33.20
XIV,74.49
MSF,14.79
AROW,35.30
HZN,14.05
ELGX,7.12
BCBP,16.50
LKOR,50.08
SNA,168.31
TEGP,28.39
NOV,40.07
CIVBP,72.75
OME,19.45
ISIG,1.48
PYDS,1.32
TTF,8.52
HTGX,25.60
KBR,14.82
EWBC,52.46
BKSC,20.96
NCMI,12.55
CWCO,11.45
AAPL,143.93
HIFS,175.82
ROLL,96.01
NATR,9.60
KANG,14.81
PEIX,6.75
KTP,17.68
JCAP,22.99
SCON,1.27
ILG,20.76
PAGP,31.13
SITE,47.55
RDC,15.42
WLFC,22.40
BTT,22.58
UE,26.30
MHNC,26.82
ETV,15.25
HQCL,7.11
BAH,35.37
PFI,31.10
HLNE,18.54
ETH,30.40
WEB,19.00
TWIN,19.57
AIRI,3.66
GLDD,4.40
HDSN,6.37
TST,0.77
DCI,45.44
HP,66.53
GEMP,10.51
EFII,48.90
DTK,25.99
GRIF,30.64
RSYS,3.97
BABA,108.85
ZTO,13.01
JHY,10.13
GJP,21.00
LXP,9.92
ALSK,1.85
ESES,1.15
AHH,13.69
KEF,8.79
LVNTB,44.86
AVID,4.73
GES,11.13
BRS,14.98
JSYNU,10.82
EXK,3.15
XYL,49.90
A,53.19
BERY,48.22
PW,6.28
ATR,76.86
TRIB,5.97
CTG,5.47
XTLB,2.73
NFEC,1.17
EEA,8.29
NWS,13.70
MBII,2.05
RCL,99.65
UL,49.63
NOMD,11.60
EBF,16.25
CMT,18.04
SRTS,4.40
AMRN,3.24
SEV,13.97
ZG,33.50
MAR,94.64
BMS,48.89
NVDA,109.40
NGG,62.79
CSTR,19.00
RDVY,26.56
CSRA,29.80
CNK,44.07
NYH,11.64
TRC,22.20
CASC,4.12
RFDI,56.36
LPNT,66.15
MCHP,73.88
REG,66.50
PHM,23.83
JCP,6.15
VKI,11.19
AKAM,60.53
WCST,2.16
HCA,89.25
ENTL,13.80
VCV,12.33
MCI,15.37
AMG,163.94
GFI,3.48
FDP,58.91
FGL,27.55
OESX,1.95
CFCO,10.01
GLBR,2.55
CAFD,13.51
BLD,46.74
IFF,132.37
NTGR,49.35
HPJ,4.10
REPH,7.88
SM,23.35
WAL,49.93
FAF,39.14
EVO,13.53
JJSF,135.64
ADMS,17.26
SMMF,21.55
BMO,74.81
ERJ,22.30
APOG,59.26
TCMD,18.48
IBKC,79.30
IGA,10.50
SPAN,21.70
GNCA,5.93
BVSN,5.15
NVTR,6.90
CELP,8.67
GPT,25.84
CID,33.40
CSA,41.62
CRIS,2.78
GRR,11.37
JILL,13.85
KE,16.55
OGEN,0.44
BPFHW,10.19
AGO,37.05
XOMA,6.90
ACWX,43.78
EW,93.86
AGII,66.75
GIB,48.42
MNKD,1.49
CIEN,23.73
DDF,10.30
ARDM,1.63
TSLA,277.92
CEMI,5.50
KITE,78.27
RFIL,1.60
TPH,12.86
TSEM,23.26
CPSH,1.52
FIF,19.02
VAC,99.47
LOAN,5.80
VNDA,14.15
UGP,22.90
ESV,8.86
AAC,8.49
AAC,8.49
PML,12.59
JHD,10.22
ATEC,2.41
CCI,94.62
